#{"t_start": 1691406005.1451187, "env_id": null}
r,l,t,sim_duration,oc_costs,weighted_lateness,completion_score,schedule,total_reward
-0.115508,680,1194.612627,44.6892,92.0791,1387.4357,1.0,"[358, 204, 324, 272, 86, 34, 207, 120, 221, 36, 276, 18, 102, 360, 87, 171, 289, 42, 69, 187, 105, 123, 210, 19, 46, 307, 408, 112, 113, 292, 341, 374, 116, 279, 308, 327, 213, 443, 255, 95, 224, 477, 136, 48, 125, 96, 172, 216, 426, 153, 219, 328, 191, 280, 411, 1, 493, 299, 257, 100, 460, 51, 71, 128, 231, 239, 300, 4, 194, 138, 132, 377, 316, 303, 260, 342, 391, 417, 135, 496, 420, 317, 380, 53, 367, 424, 241, 370, 5, 77, 444, 180, 320, 283, 287, 479, 183, 196, 429, 155, 346, 27, 371, 199, 393, 185, 246, 234, 430, 265, 332, 398, 203, 448, 29, 146, 81, 462, 61, 33, 335, 383, 249, 484, 268, 435, 253, 237, 147, 269, 63, 387, 163, 400, 152, 436, 338, 469, 82, 165, 67, 489, 470, 440, 167, 10, 404, 492, 451, 473, 12, 407, 389, 455, 502, 14, 458, 504, 349, 508, 353, 354]",-44.6892
-0.092244,693,2446.005764,41.3006,88.199,1161.2712,1.0,"[340, 290, 255, 222, 342, 306, 137, 259, 0, 35, 347, 291, 309, 408, 18, 261, 323, 316, 239, 2, 224, 425, 358, 318, 327, 5, 349, 442, 205, 320, 19, 37, 299, 153, 375, 300, 352, 230, 272, 427, 329, 460, 411, 208, 10, 102, 52, 432, 359, 391, 86, 241, 43, 232, 303, 378, 476, 333, 120, 237, 46, 336, 155, 493, 11, 105, 188, 417, 170, 69, 265, 356, 246, 276, 211, 121, 394, 266, 14, 49, 27, 250, 461, 173, 270, 419, 434, 53, 278, 479, 381, 163, 337, 166, 253, 367, 71, 436, 280, 422, 469, 138, 397, 30, 485, 284, 445, 126, 470, 288, 440, 112, 167, 115, 190, 495, 369, 33, 61, 383, 88, 62, 449, 371, 489, 117, 192, 129, 475, 76, 95, 386, 67, 79, 132, 491, 146, 213, 388, 84, 97, 147, 452, 196, 100, 216, 218, 200, 401, 150, 134, 402, 502, 407, 455, 180, 201, 458, 183, 504, 184, 509]",-41.3006
-0.102059,747,3741.170271,44.3044,91.6108,1268.215,1.0,"[358, 476, 443, 272, 360, 478, 120, 306, 485, 275, 290, 85, 444, 367, 123, 341, 221, 368, 277, 489, 88, 448, 409, 153, 308, 372, 1, 459, 490, 126, 281, 343, 223, 35, 238, 4, 285, 171, 136, 316, 292, 410, 188, 102, 94, 287, 18, 493, 318, 7, 452, 139, 191, 240, 256, 391, 173, 36, 96, 230, 101, 375, 259, 10, 321, 347, 192, 20, 455, 104, 205, 12, 425, 52, 247, 233, 394, 68, 495, 129, 324, 429, 42, 14, 457, 377, 397, 206, 45, 262, 299, 251, 327, 196, 70, 48, 254, 54, 300, 180, 236, 210, 381, 155, 328, 182, 303, 130, 76, 186, 349, 112, 200, 80, 27, 135, 431, 113, 82, 213, 117, 30, 216, 33, 384, 332, 351, 201, 417, 461, 265, 267, 220, 61, 334, 64, 354, 502, 469, 386, 339, 421, 269, 504, 422, 401, 434, 403, 146, 407, 507, 438, 471, 163, 67, 474, 148, 166, 389, 439, 152, 168]",-44.3044
-0.106025,674,4907.806509,43.782,91.613,1244.2127,1.0,"[35, 221, 341, 119, 36, 224, 273, 187, 123, 43, 231, 358, 391, 342, 233, 190, 494, 153, 236, 125, 194, 276, 103, 459, 393, 360, 46, 426, 85, 495, 196, 443, 323, 105, 277, 129, 49, 132, 307, 204, 346, 427, 398, 409, 238, 462, 367, 200, 133, 327, 18, 476, 369, 87, 52, 430, 68, 207, 281, 137, 255, 373, 308, 329, 20, 435, 375, 93, 0, 259, 201, 284, 349, 170, 287, 444, 54, 112, 378, 115, 437, 96, 332, 410, 449, 156, 210, 116, 441, 469, 472, 478, 352, 260, 100, 400, 61, 475, 354, 241, 172, 289, 64, 335, 379, 452, 71, 4, 484, 291, 502, 65, 404, 316, 406, 6, 138, 384, 246, 487, 387, 492, 337, 417, 180, 317, 76, 454, 388, 506, 182, 249, 146, 508, 149, 186, 27, 420, 254, 29, 213, 163, 320, 457, 152, 80, 10, 215, 166, 32, 299, 220, 422, 300, 13, 16, 265, 167, 267, 83, 305, 270]",-43.782
-0.125021,954,6686.645867,48.1179,94.1923,1677.8715,1.0,"[102, 188, 306, 105, 1, 189, 17, 52, 193, 309, 238, 460, 2, 112, 119, 113, 35, 118, 5, 20, 408, 443, 53, 196, 425, 324, 122, 272, 477, 36, 27, 170, 276, 494, 30, 445, 136, 341, 33, 427, 124, 204, 316, 86, 449, 326, 478, 153, 278, 375, 391, 319, 88, 69, 461, 484, 451, 289, 256, 432, 496, 393, 322, 454, 173, 329, 155, 93, 128, 131, 258, 434, 206, 163, 358, 489, 456, 378, 262, 199, 138, 42, 61, 71, 492, 96, 134, 438, 342, 281, 46, 292, 333, 379, 100, 398, 201, 410, 241, 166, 469, 346, 335, 439, 211, 168, 265, 285, 76, 79, 502, 63, 339, 221, 83, 248, 472, 266, 360, 66, 288, 146, 506, 473, 249, 224, 401, 417, 270, 147, 254, 299, 230, 404, 508, 213, 50, 419, 302, 180, 150, 232, 367, 216, 383, 237, 303, 181, 423, 369, 407, 10, 13, 218, 349, 185, 351, 373, 386, 356, 15, 390]",-48.1179
-0.110639,764,8163.898054,40.2936,85.2695,1114.9675,1.0,"[409, 306, 426, 391, 411, 239, 170, 427, 417, 273, 119, 309, 431, 1, 172, 493, 123, 477, 255, 394, 421, 240, 188, 435, 17, 124, 437, 276, 290, 479, 422, 357, 316, 440, 398, 495, 460, 323, 319, 20, 137, 221, 484, 191, 359, 320, 35, 442, 248, 277, 502, 292, 249, 69, 204, 489, 2, 375, 153, 492, 194, 327, 139, 401, 103, 252, 36, 340, 86, 258, 506, 378, 27, 509, 444, 403, 328, 281, 7, 71, 223, 448, 129, 407, 29, 130, 462, 104, 260, 196, 229, 156, 452, 381, 133, 283, 87, 51, 287, 31, 207, 232, 200, 42, 383, 333, 46, 53, 343, 203, 211, 93, 146, 334, 455, 457, 61, 235, 77, 387, 50, 147, 97, 180, 152, 213, 338, 62, 80, 65, 183, 101, 347, 10, 389, 215, 220, 186, 299, 13, 82, 349, 301, 351, 14, 163, 356, 304, 165, 367, 368, 469, 470, 371, 168, 265, 267, 271, 112, 113, 473, 117]",-40.2936
-0.136997,721,9637.713259,47.4937,89.2167,1387.1056,1.0,"[425, 307, 17, 69, 309, 429, 272, 460, 153, 20, 392, 70, 316, 430, 187, 256, 0, 462, 274, 103, 318, 76, 27, 340, 409, 434, 258, 393, 476, 30, 494, 79, 32, 322, 277, 119, 82, 35, 469, 261, 190, 342, 170, 86, 438, 136, 375, 470, 194, 281, 411, 121, 473, 357, 222, 204, 265, 239, 268, 479, 2, 346, 323, 290, 417, 439, 443, 398, 496, 376, 208, 285, 51, 156, 87, 421, 269, 379, 400, 125, 327, 287, 7, 241, 138, 484, 163, 173, 359, 166, 248, 329, 168, 94, 422, 37, 53, 10, 404, 249, 488, 254, 224, 444, 383, 210, 405, 13, 367, 96, 16, 100, 105, 385, 128, 370, 229, 146, 388, 43, 232, 448, 112, 292, 349, 149, 492, 371, 236, 130, 299, 213, 134, 47, 113, 180, 151, 301, 196, 50, 351, 217, 61, 304, 118, 182, 62, 220, 451, 184, 333, 199, 334, 355, 339, 502, 202, 65, 453, 458, 504, 507]",-47.4937
-0.129125,849,11331.839777,42.5677,87.8363,1169.7074,1.0,"[69, 476, 443, 255, 479, 70, 409, 170, 485, 392, 17, 258, 76, 444, 80, 375, 357, 82, 261, 487, 35, 272, 411, 492, 19, 324, 119, 276, 341, 265, 493, 173, 417, 376, 137, 289, 86, 394, 448, 238, 420, 266, 27, 359, 381, 205, 327, 187, 270, 496, 307, 425, 87, 451, 28, 460, 180, 221, 424, 123, 207, 52, 102, 342, 279, 182, 31, 329, 453, 457, 154, 502, 241, 291, 367, 191, 370, 93, 156, 186, 248, 461, 398, 209, 346, 429, 251, 505, 373, 37, 104, 299, 332, 300, 309, 508, 280, 97, 223, 254, 400, 99, 126, 163, 0, 193, 139, 53, 283, 335, 4, 229, 112, 432, 337, 114, 164, 304, 43, 129, 116, 46, 232, 404, 196, 469, 237, 286, 7, 407, 168, 384, 472, 198, 131, 61, 48, 385, 213, 202, 475, 64, 146, 390, 133, 434, 147, 217, 10, 66, 220, 11, 437, 316, 439, 319, 349, 16, 151, 353, 320, 354]",-42.5677
-0.13154,773,12888.098342,41.489,85.8525,1055.8021,1.0,"[221, 120, 306, 52, 121, 170, 273, 54, 204, 86, 223, 125, 340, 35, 309, 208, 61, 230, 442, 375, 274, 233, 64, 323, 88, 103, 237, 129, 65, 130, 279, 378, 391, 460, 342, 210, 445, 187, 1, 93, 316, 172, 493, 137, 281, 379, 327, 394, 68, 477, 133, 98, 317, 347, 101, 2, 425, 256, 180, 213, 448, 37, 153, 239, 320, 191, 285, 478, 408, 18, 287, 328, 105, 357, 215, 451, 70, 484, 398, 429, 183, 496, 6, 333, 184, 461, 219, 112, 487, 43, 411, 46, 259, 240, 289, 194, 115, 453, 360, 457, 400, 469, 431, 260, 291, 248, 471, 490, 334, 76, 475, 156, 19, 367, 250, 402, 383, 139, 118, 49, 337, 370, 299, 79, 252, 301, 406, 196, 146, 305, 386, 82, 147, 163, 200, 372, 152, 417, 265, 203, 267, 435, 389, 269, 349, 438, 420, 502, 10, 439, 423, 166, 27, 11, 16, 352, 28, 506, 355, 167, 33, 508]",-41.489
-0.140784,684,14319.764326,42.8239,87.5949,1221.1204,1.0,"[358, 272, 103, 0, 275, 359, 307, 323, 4, 278, 367, 222, 104, 119, 326, 341, 51, 369, 330, 280, 86, 308, 224, 459, 112, 371, 113, 205, 255, 118, 285, 6, 121, 35, 343, 170, 229, 316, 239, 408, 234, 332, 53, 258, 137, 347, 289, 286, 10, 426, 187, 125, 237, 461, 173, 319, 12, 18, 334, 493, 338, 477, 391, 61, 16, 320, 291, 349, 207, 375, 68, 262, 352, 429, 62, 356, 495, 88, 128, 153, 180, 183, 191, 209, 36, 20, 131, 185, 265, 94, 410, 377, 42, 133, 193, 267, 299, 393, 67, 381, 71, 47, 97, 430, 502, 100, 269, 138, 300, 469, 443, 156, 472, 397, 303, 241, 27, 49, 479, 146, 417, 30, 473, 147, 505, 151, 445, 31, 248, 421, 213, 484, 423, 384, 449, 77, 251, 215, 507, 401, 196, 79, 488, 84, 387, 491, 220, 402, 452, 199, 390, 252, 406, 453, 435, 437, 441, 201, 457, 163, 164, 167]",-42.8239
-0.146816,725,15764.712343,43.1296,85.5725,1219.3933,1.0,"[154, 476, 358, 340, 156, 188, 119, 359, 479, 18, 442, 163, 123, 166, 426, 459, 342, 169, 367, 190, 52, 374, 370, 239, 255, 444, 378, 20, 347, 193, 69, 34, 53, 273, 136, 372, 428, 379, 171, 276, 204, 240, 392, 323, 494, 85, 196, 394, 126, 448, 484, 248, 259, 70, 0, 430, 222, 326, 306, 487, 200, 491, 290, 461, 250, 61, 383, 102, 88, 4, 76, 279, 254, 397, 64, 495, 409, 27, 202, 386, 173, 434, 79, 308, 67, 280, 207, 390, 330, 469, 5, 283, 261, 291, 438, 471, 94, 473, 180, 411, 83, 28, 104, 288, 183, 139, 211, 32, 129, 223, 400, 98, 10, 229, 37, 99, 440, 130, 452, 417, 402, 299, 133, 420, 185, 407, 43, 11, 302, 502, 265, 305, 234, 46, 112, 453, 423, 16, 506, 48, 266, 332, 270, 458, 507, 146, 115, 316, 118, 336, 349, 317, 352, 322, 213, 149, 338, 235, 215, 220, 355, 152]",-43.1296
-0.149615,708,17194.781608,42.5512,88.6064,1389.6178,1.0,"[51, 171, 0, 120, 173, 34, 103, 2, 123, 391, 324, 54, 7, 306, 460, 36, 425, 273, 180, 105, 124, 493, 341, 393, 327, 187, 69, 43, 309, 182, 10, 221, 398, 274, 290, 185, 374, 18, 429, 496, 328, 46, 128, 112, 13, 461, 442, 137, 113, 116, 204, 50, 190, 239, 279, 61, 332, 378, 223, 153, 358, 132, 334, 343, 85, 477, 15, 70, 256, 339, 502, 401, 379, 208, 20, 62, 193, 408, 291, 432, 76, 65, 479, 404, 469, 134, 259, 155, 280, 504, 241, 316, 472, 410, 509, 79, 230, 405, 346, 211, 88, 384, 444, 83, 284, 434, 387, 475, 248, 138, 484, 448, 233, 288, 319, 388, 436, 299, 213, 250, 359, 93, 489, 235, 491, 349, 261, 301, 254, 439, 452, 215, 455, 417, 367, 220, 352, 96, 320, 370, 265, 101, 196, 419, 355, 267, 458, 27, 198, 372, 422, 271, 163, 165, 28, 303, 202, 146, 149, 152, 32, 167]",-42.5512
-0.153888,700,18711.144793,42.4569,87.1241,1046.1925,1.0,"[52, 0, 426, 153, 2, 54, 477, 204, 5, 86, 61, 357, 208, 155, 428, 64, 18, 459, 66, 239, 272, 359, 479, 10, 431, 222, 102, 13, 484, 290, 323, 87, 462, 35, 170, 163, 16, 489, 120, 94, 493, 274, 20, 490, 469, 392, 471, 340, 123, 210, 223, 375, 255, 326, 435, 68, 98, 474, 104, 377, 187, 278, 436, 213, 27, 136, 165, 172, 258, 99, 124, 440, 229, 234, 409, 215, 393, 442, 292, 367, 29, 128, 329, 306, 379, 180, 240, 37, 219, 280, 131, 169, 183, 248, 444, 191, 139, 398, 383, 32, 261, 370, 42, 135, 184, 410, 309, 250, 283, 333, 237, 342, 71, 46, 194, 400, 146, 387, 288, 448, 253, 371, 76, 495, 299, 79, 148, 417, 336, 84, 347, 388, 419, 265, 152, 49, 404, 301, 502, 423, 112, 266, 305, 337, 114, 316, 317, 269, 407, 349, 352, 321, 118, 451, 504, 354, 509, 453, 456, 196, 199, 201]",-42.4569
-0.178466,778,20456.976196,47.7101,91.8363,1484.7383,1.0,"[103, 340, 222, 170, 104, 477, 357, 224, 409, 493, 342, 112, 114, 443, 187, 173, 118, 346, 231, 375, 68, 191, 478, 232, 137, 34, 411, 236, 180, 485, 426, 391, 495, 192, 378, 183, 52, 85, 445, 290, 36, 238, 184, 0, 120, 360, 449, 489, 349, 70, 17, 273, 255, 460, 428, 451, 138, 204, 379, 307, 153, 54, 87, 455, 276, 323, 292, 430, 351, 393, 417, 123, 326, 278, 490, 146, 420, 461, 435, 355, 258, 147, 77, 4, 308, 280, 502, 437, 423, 20, 152, 329, 367, 124, 456, 285, 262, 240, 441, 208, 469, 93, 287, 80, 155, 248, 370, 397, 505, 43, 507, 7, 83, 251, 384, 97, 253, 332, 334, 47, 210, 401, 101, 371, 470, 213, 387, 474, 50, 163, 215, 389, 128, 339, 131, 299, 404, 218, 164, 169, 61, 134, 301, 407, 304, 10, 196, 11, 63, 16, 27, 198, 29, 201, 67, 265, 316, 267, 31, 271, 318, 320]",-47.7101
-0.147853,702,22118.990078,38.5014,84.3917,1048.0998,1.0,"[120, 391, 137, 187, 394, 494, 51, 191, 398, 171, 306, 122, 53, 18, 255, 193, 496, 290, 238, 138, 259, 460, 61, 476, 196, 126, 62, 173, 86, 68, 308, 273, 102, 66, 401, 260, 20, 1, 425, 276, 461, 403, 324, 153, 502, 71, 375, 408, 200, 291, 146, 279, 148, 4, 406, 358, 204, 201, 265, 428, 268, 222, 104, 34, 280, 341, 327, 27, 241, 443, 431, 505, 410, 7, 28, 285, 269, 151, 128, 112, 479, 444, 76, 208, 80, 287, 507, 84, 248, 328, 377, 417, 155, 484, 448, 114, 249, 180, 360, 87, 253, 209, 421, 434, 469, 343, 130, 36, 380, 31, 424, 10, 489, 42, 117, 470, 46, 332, 93, 163, 50, 336, 474, 133, 213, 182, 346, 367, 492, 224, 215, 184, 11, 166, 338, 451, 97, 299, 16, 368, 231, 100, 218, 454, 438, 169, 316, 383, 300, 456, 233, 373, 440, 387, 317, 237, 349, 303, 322, 353, 389, 356]",-38.5014
-0.163618,718,23790.454016,41.4835,87.267,1093.6974,1.0,"[255, 52, 153, 86, 259, 54, 102, 155, 460, 391, 18, 105, 61, 261, 87, 493, 63, 426, 374, 443, 394, 67, 461, 323, 163, 239, 165, 93, 408, 428, 327, 188, 376, 119, 397, 168, 358, 112, 113, 496, 340, 222, 379, 444, 136, 1, 117, 123, 96, 20, 170, 205, 469, 189, 306, 35, 99, 431, 343, 449, 476, 328, 265, 383, 268, 4, 223, 289, 207, 272, 271, 27, 240, 125, 68, 472, 434, 347, 411, 385, 192, 231, 475, 36, 276, 139, 437, 248, 478, 232, 390, 251, 173, 417, 211, 452, 236, 291, 42, 254, 309, 30, 70, 146, 46, 196, 419, 31, 441, 360, 279, 76, 333, 455, 79, 458, 148, 423, 129, 485, 48, 280, 7, 200, 130, 203, 180, 150, 335, 83, 489, 181, 502, 133, 492, 285, 299, 338, 301, 184, 288, 304, 316, 504, 318, 400, 322, 10, 508, 11, 404, 407, 213, 367, 368, 217, 218, 373, 15, 349, 351, 356]",-41.4835
-0.161261,813,25733.456972,39.7705,86.4023,899.2173,1.0,"[153, 409, 136, 35, 155, 411, 17, 239, 374, 52, 163, 417, 138, 165, 37, 442, 494, 167, 459, 392, 378, 240, 20, 119, 273, 420, 43, 340, 248, 222, 379, 495, 445, 45, 123, 423, 102, 307, 0, 188, 449, 274, 54, 502, 146, 149, 250, 170, 256, 323, 86, 278, 223, 191, 150, 343, 452, 254, 425, 358, 204, 290, 87, 506, 126, 105, 453, 507, 4, 192, 50, 384, 68, 457, 477, 427, 230, 280, 258, 387, 233, 327, 27, 390, 308, 173, 347, 6, 93, 285, 237, 70, 196, 394, 208, 61, 328, 287, 30, 62, 292, 199, 359, 316, 432, 261, 128, 31, 203, 76, 130, 318, 478, 98, 66, 462, 180, 322, 349, 484, 81, 181, 352, 211, 397, 84, 99, 332, 10, 134, 489, 334, 356, 12, 185, 434, 367, 490, 469, 370, 265, 400, 373, 471, 337, 15, 438, 112, 473, 267, 299, 213, 271, 300, 115, 440, 403, 217, 118, 405, 220, 304]",-39.7705
-0.179593,709,27527.631205,43.2464,89.0904,1222.8994,1.0,"[307, 493, 375, 85, 495, 120, 272, 377, 502, 290, 476, 123, 308, 205, 323, 379, 88, 35, 340, 316, 325, 126, 317, 276, 292, 137, 153, 95, 222, 17, 206, 37, 69, 170, 504, 320, 384, 277, 460, 187, 223, 386, 330, 343, 103, 281, 96, 129, 229, 391, 52, 101, 172, 234, 357, 130, 20, 209, 426, 507, 389, 442, 299, 285, 409, 189, 255, 43, 394, 347, 239, 359, 180, 445, 134, 45, 1, 288, 257, 192, 367, 235, 411, 50, 138, 398, 429, 241, 300, 333, 183, 196, 478, 334, 260, 54, 185, 248, 431, 461, 3, 368, 417, 27, 303, 373, 71, 29, 249, 104, 485, 448, 338, 33, 76, 469, 81, 7, 155, 471, 198, 474, 265, 268, 254, 420, 434, 84, 10, 487, 422, 271, 436, 61, 400, 440, 63, 203, 13, 146, 14, 112, 67, 404, 213, 147, 216, 406, 115, 490, 163, 349, 452, 165, 118, 351, 455, 219, 169, 150, 356, 457]",-43.2464
-0.210279,679,29200.894704,49.5653,92.0601,2134.2484,1.0,"[137, 459, 307, 0, 138, 477, 289, 4, 494, 170, 461, 479, 120, 442, 52, 340, 173, 308, 205, 153, 238, 35, 207, 342, 469, 272, 484, 324, 471, 473, 68, 347, 392, 292, 240, 489, 276, 102, 248, 256, 349, 221, 490, 496, 444, 352, 358, 327, 7, 105, 257, 250, 425, 188, 224, 70, 254, 502, 210, 409, 354, 17, 112, 229, 328, 115, 232, 156, 393, 374, 262, 237, 180, 191, 122, 427, 504, 448, 213, 20, 432, 299, 376, 277, 216, 332, 334, 316, 193, 117, 379, 181, 410, 27, 219, 281, 86, 339, 185, 125, 36, 28, 88, 302, 452, 283, 434, 42, 398, 318, 360, 53, 455, 10, 456, 93, 508, 128, 46, 196, 367, 130, 286, 437, 96, 322, 76, 61, 13, 32, 99, 199, 50, 417, 79, 384, 135, 400, 419, 369, 303, 146, 424, 440, 265, 266, 386, 404, 84, 62, 14, 372, 271, 149, 163, 390, 201, 66, 407, 166, 150, 168]",-49.5653
-0.223228,877,31345.039685,51.2566,95.5706,1800.9927,1.0,"[494, 51, 477, 408, 460, 221, 53, 496, 443, 289, 61, 120, 102, 478, 62, 66, 445, 502, 86, 68, 484, 18, 461, 0, 122, 154, 170, 448, 4, 469, 104, 307, 34, 487, 88, 490, 340, 223, 137, 425, 93, 504, 124, 71, 324, 6, 36, 273, 173, 256, 138, 326, 238, 112, 427, 328, 276, 343, 357, 432, 452, 240, 76, 454, 156, 128, 456, 10, 309, 187, 97, 42, 113, 13, 205, 118, 347, 392, 101, 20, 248, 14, 229, 79, 47, 508, 208, 375, 250, 84, 360, 232, 435, 349, 209, 378, 237, 258, 353, 48, 131, 436, 262, 27, 410, 253, 292, 30, 471, 356, 473, 146, 33, 381, 134, 299, 301, 213, 440, 303, 333, 394, 334, 217, 397, 163, 337, 219, 166, 277, 191, 169, 401, 403, 149, 406, 193, 281, 265, 266, 150, 271, 180, 285, 383, 316, 183, 385, 287, 196, 186, 367, 319, 198, 369, 389, 203, 417, 371, 421, 321, 422]",-51.2566
-0.196882,731,35610.651845,43.0738,89.5823,1385.4111,1.0,"[51, 307, 119, 53, 103, 309, 68, 409, 123, 61, 105, 34, 18, 63, 238, 477, 19, 67, 124, 71, 170, 443, 112, 115, 36, 425, 324, 27, 173, 85, 494, 444, 289, 273, 30, 128, 326, 42, 116, 340, 32, 45, 460, 240, 131, 221, 50, 76, 448, 1, 88, 153, 81, 392, 82, 342, 4, 135, 93, 496, 347, 205, 223, 248, 5, 156, 96, 208, 250, 100, 375, 349, 461, 452, 254, 353, 136, 394, 188, 229, 454, 209, 378, 410, 10, 428, 458, 233, 397, 13, 213, 478, 14, 256, 432, 292, 356, 469, 502, 258, 237, 401, 381, 261, 403, 435, 407, 472, 504, 358, 276, 474, 189, 360, 485, 329, 299, 438, 215, 218, 301, 277, 508, 139, 487, 384, 490, 386, 305, 193, 146, 332, 148, 390, 440, 334, 367, 280, 417, 283, 421, 150, 316, 369, 424, 196, 338, 265, 266, 371, 288, 200, 318, 180, 271, 320, 163, 203, 182, 166, 185, 167]",-43.0738
-0.196916,671,37281.23992,42.3146,89.3694,1090.351,1.0,"[119, 52, 0, 18, 53, 122, 85, 4, 35, 61, 126, 68, 20, 477, 36, 64, 340, 324, 67, 5, 42, 88, 102, 70, 443, 27, 128, 289, 28, 494, 47, 326, 31, 93, 342, 170, 10, 409, 49, 131, 221, 205, 445, 104, 135, 238, 347, 154, 98, 425, 208, 375, 100, 292, 223, 12, 112, 392, 76, 113, 349, 16, 116, 353, 210, 307, 173, 378, 240, 136, 299, 80, 273, 356, 229, 232, 460, 156, 308, 84, 381, 248, 213, 301, 188, 448, 304, 394, 461, 237, 256, 469, 250, 428, 478, 472, 452, 252, 330, 453, 485, 474, 258, 458, 410, 397, 358, 216, 333, 487, 275, 189, 491, 401, 334, 417, 218, 432, 404, 407, 360, 495, 261, 421, 435, 338, 139, 383, 424, 279, 367, 438, 193, 369, 440, 371, 146, 147, 265, 152, 281, 386, 266, 316, 271, 318, 283, 320, 502, 390, 163, 180, 165, 183, 288, 167, 506, 508, 186, 196, 200, 202]",-42.3146
-0.206282,752,39204.743813,43.5068,92.6651,1295.0433,1.0,"[68, 103, 51, 18, 104, 170, 154, 54, 112, 115, 70, 0, 86, 118, 119, 307, 20, 76, 61, 79, 2, 289, 84, 123, 35, 64, 204, 494, 156, 5, 67, 87, 221, 477, 27, 125, 208, 340, 375, 37, 93, 30, 308, 33, 238, 409, 10, 43, 13, 425, 173, 45, 443, 15, 378, 223, 209, 136, 324, 129, 241, 392, 131, 98, 99, 342, 273, 445, 49, 248, 347, 460, 461, 250, 326, 134, 213, 469, 472, 252, 495, 474, 394, 448, 381, 231, 215, 233, 349, 429, 219, 357, 478, 353, 292, 237, 188, 452, 256, 410, 485, 360, 454, 329, 356, 398, 487, 316, 491, 458, 258, 318, 332, 320, 299, 432, 261, 301, 334, 401, 339, 304, 383, 403, 189, 407, 276, 435, 193, 386, 417, 389, 139, 367, 437, 421, 279, 180, 424, 196, 280, 369, 440, 146, 200, 283, 371, 502, 148, 163, 202, 181, 186, 286, 265, 266, 165, 152, 167, 504, 271, 509]",-43.5068
-0.216305,783,41235.841028,44.829,95.4555,1385.7527,1.0,"[102, 120, 68, 1, 123, 105, 85, 70, 392, 112, 113, 17, 52, 116, 88, 126, 76, 80, 2, 34, 494, 82, 95, 170, 443, 54, 98, 128, 19, 101, 340, 324, 153, 409, 61, 37, 62, 7, 131, 425, 477, 42, 67, 221, 173, 47, 27, 342, 28, 49, 307, 445, 33, 289, 10, 273, 223, 347, 13, 134, 156, 460, 238, 308, 229, 16, 233, 349, 205, 136, 353, 326, 208, 461, 375, 355, 237, 469, 241, 472, 210, 427, 474, 187, 256, 378, 394, 316, 432, 478, 318, 213, 320, 258, 215, 484, 248, 448, 274, 250, 381, 487, 491, 254, 435, 218, 438, 397, 496, 440, 277, 383, 452, 330, 454, 411, 458, 358, 280, 401, 189, 261, 139, 386, 285, 502, 390, 146, 360, 286, 403, 193, 407, 292, 333, 334, 338, 148, 163, 166, 417, 504, 150, 299, 507, 421, 301, 196, 304, 367, 369, 200, 265, 266, 167, 423, 203, 180, 271, 183, 371, 186]",-44.829
-0.222381,887,43613.709849,45.1039,92.6755,1293.8665,1.0,"[340, 103, 68, 443, 104, 85, 120, 112, 115, 70, 51, 88, 18, 118, 34, 1, 77, 95, 80, 121, 445, 289, 460, 4, 83, 98, 409, 125, 170, 100, 53, 20, 392, 204, 5, 324, 61, 425, 208, 128, 36, 173, 64, 494, 136, 66, 477, 221, 342, 210, 326, 27, 154, 43, 238, 28, 47, 307, 347, 461, 10, 411, 48, 32, 223, 156, 349, 13, 469, 16, 240, 309, 273, 131, 353, 449, 246, 134, 276, 358, 394, 213, 375, 255, 472, 452, 250, 355, 360, 453, 138, 378, 458, 397, 252, 188, 474, 163, 229, 258, 165, 277, 478, 215, 417, 146, 428, 421, 329, 485, 233, 218, 432, 237, 495, 401, 379, 487, 404, 191, 292, 424, 491, 167, 280, 333, 148, 334, 261, 383, 285, 407, 435, 286, 338, 437, 152, 386, 193, 299, 440, 502, 265, 266, 301, 271, 389, 367, 505, 196, 507, 369, 316, 304, 200, 203, 180, 318, 371, 182, 186, 320]",-45.1039
-0.210424,758,45660.303912,41.9496,88.0141,1301.4828,1.0,"[102, 35, 51, 86, 37, 104, 17, 120, 43, 112, 113, 47, 116, 54, 0, 69, 87, 123, 221, 443, 50, 95, 3, 19, 97, 425, 409, 126, 101, 61, 340, 392, 5, 71, 223, 64, 170, 494, 128, 66, 131, 289, 76, 307, 445, 342, 27, 477, 136, 28, 81, 84, 154, 347, 10, 173, 308, 324, 11, 32, 16, 349, 394, 353, 156, 397, 273, 238, 495, 134, 229, 356, 460, 233, 326, 205, 240, 401, 237, 208, 403, 375, 292, 246, 461, 448, 330, 407, 188, 316, 428, 502, 209, 318, 378, 478, 320, 299, 250, 432, 380, 254, 255, 189, 469, 472, 474, 485, 301, 452, 357, 274, 360, 304, 193, 487, 490, 213, 277, 410, 435, 454, 258, 458, 438, 505, 332, 384, 280, 334, 139, 261, 507, 440, 283, 386, 217, 196, 163, 288, 166, 146, 390, 338, 148, 265, 266, 417, 218, 271, 200, 367, 202, 369, 167, 152, 180, 421, 181, 371, 424, 185]",-41.9496
-0.261547,680,47545.702484,51.3318,100.7459,1649.1251,1.0,"[85, 18, 68, 1, 20, 119, 103, 70, 4, 27, 51, 35, 88, 30, 76, 33, 79, 170, 104, 307, 7, 123, 37, 221, 409, 112, 115, 93, 53, 154, 116, 43, 340, 84, 10, 309, 324, 124, 12, 136, 223, 494, 47, 96, 16, 425, 173, 443, 128, 49, 61, 289, 342, 131, 477, 156, 101, 392, 64, 347, 134, 67, 445, 349, 353, 326, 138, 394, 204, 460, 354, 146, 273, 208, 461, 147, 238, 229, 328, 448, 152, 428, 375, 187, 256, 478, 469, 432, 232, 411, 378, 472, 237, 485, 474, 209, 452, 240, 397, 496, 453, 246, 456, 257, 333, 292, 487, 250, 435, 490, 437, 401, 261, 334, 213, 440, 252, 274, 357, 403, 217, 381, 407, 189, 163, 502, 360, 193, 338, 166, 218, 299, 301, 504, 279, 304, 167, 180, 383, 507, 182, 316, 280, 386, 285, 390, 318, 287, 367, 320, 417, 369, 421, 196, 184, 200, 202, 371, 424, 265, 266, 271]",-51.3318
-0.224262,748,49581.348676,43.3595,92.0568,1358.4829,1.0,"[1, 102, 52, 34, 105, 2, 86, 68, 112, 5, 113, 18, 118, 119, 54, 36, 443, 170, 123, 61, 43, 88, 70, 46, 392, 221, 409, 340, 93, 50, 126, 173, 19, 10, 494, 425, 11, 16, 307, 289, 63, 445, 27, 223, 128, 324, 136, 30, 32, 154, 97, 67, 76, 343, 308, 477, 101, 347, 394, 80, 138, 156, 349, 83, 353, 273, 146, 460, 495, 130, 356, 238, 326, 276, 375, 134, 502, 461, 231, 205, 233, 241, 237, 429, 246, 469, 180, 432, 208, 250, 472, 254, 474, 448, 505, 357, 316, 209, 183, 411, 378, 186, 435, 291, 318, 508, 417, 360, 320, 398, 438, 278, 328, 148, 452, 479, 213, 256, 187, 421, 152, 485, 299, 440, 454, 190, 381, 215, 218, 458, 487, 193, 401, 332, 259, 404, 301, 334, 490, 424, 281, 338, 367, 285, 261, 369, 407, 304, 163, 371, 383, 166, 265, 288, 266, 386, 196, 271, 389, 167, 200, 202]",-43.3595
-0.263416,905,52068.209843,50.0463,95.8171,1797.308,1.0,"[120, 102, 18, 34, 104, 69, 51, 20, 112, 114, 121, 86, 0, 118, 27, 37, 4, 28, 70, 33, 126, 43, 221, 443, 88, 76, 170, 494, 5, 80, 45, 53, 95, 425, 307, 48, 84, 128, 445, 98, 289, 477, 223, 101, 61, 340, 409, 63, 173, 136, 154, 67, 342, 392, 131, 10, 309, 347, 13, 324, 134, 16, 156, 180, 349, 353, 326, 358, 188, 394, 189, 231, 360, 193, 232, 449, 237, 495, 354, 255, 273, 139, 181, 452, 502, 410, 429, 374, 239, 453, 397, 460, 458, 241, 257, 146, 432, 378, 184, 316, 246, 275, 461, 318, 506, 261, 401, 330, 250, 204, 379, 404, 254, 434, 208, 320, 292, 478, 469, 470, 474, 407, 149, 484, 210, 299, 277, 383, 301, 508, 487, 152, 438, 490, 163, 280, 166, 332, 334, 167, 304, 285, 286, 338, 386, 213, 440, 196, 367, 389, 369, 215, 417, 218, 265, 421, 266, 199, 271, 371, 202, 424]",-50.0463
-0.293573,871,54540.117624,54.8475,99.1766,2287.6762,1.0,"[52, 68, 18, 102, 70, 1, 34, 20, 76, 80, 86, 119, 53, 4, 36, 104, 121, 43, 61, 84, 45, 5, 125, 87, 63, 93, 66, 50, 112, 10, 114, 128, 96, 170, 409, 118, 425, 443, 173, 27, 12, 101, 221, 494, 29, 445, 340, 154, 32, 223, 476, 324, 16, 429, 156, 131, 289, 307, 342, 272, 392, 449, 180, 326, 136, 460, 230, 276, 134, 308, 232, 237, 432, 411, 347, 204, 461, 316, 208, 349, 318, 328, 353, 138, 320, 469, 210, 394, 356, 434, 470, 474, 188, 146, 277, 374, 239, 182, 255, 378, 240, 292, 452, 149, 417, 453, 437, 189, 458, 248, 184, 496, 379, 440, 397, 163, 358, 280, 421, 213, 152, 479, 250, 257, 283, 333, 360, 485, 334, 193, 166, 401, 424, 252, 216, 338, 299, 403, 487, 502, 301, 261, 286, 219, 407, 490, 505, 304, 265, 266, 167, 271, 196, 367, 369, 200, 508, 383, 373, 203, 387, 390]",-54.8475
-0.264023,619,56286.610575,48.6359,99.5496,1583.3797,1.0,"[103, 68, 52, 104, 85, 35, 119, 54, 112, 115, 70, 18, 0, 118, 123, 409, 170, 88, 61, 76, 36, 443, 221, 81, 63, 126, 84, 494, 340, 3, 43, 47, 19, 93, 67, 307, 5, 173, 27, 50, 289, 324, 128, 223, 28, 425, 154, 131, 445, 10, 33, 391, 477, 342, 13, 96, 272, 100, 309, 358, 230, 16, 347, 239, 136, 232, 156, 205, 240, 237, 349, 134, 208, 353, 326, 460, 274, 316, 449, 318, 428, 355, 328, 210, 374, 410, 320, 378, 248, 360, 250, 495, 417, 452, 432, 255, 394, 277, 421, 454, 187, 259, 252, 461, 458, 367, 332, 334, 369, 139, 338, 180, 478, 261, 381, 502, 190, 469, 422, 181, 373, 146, 193, 148, 398, 185, 485, 401, 487, 505, 490, 163, 166, 196, 508, 403, 384, 200, 150, 407, 280, 291, 434, 167, 299, 285, 386, 389, 213, 471, 437, 473, 441, 301, 288, 215, 218, 304, 265, 203, 268, 271]",-48.6359
