#{"t_start": 1690672428.7909894, "env_id": null}
r,l,t,sim_duration,oc_costs,weighted_lateness,completion_score,schedule,total_reward
-61.403421,796,6.196431,37.7999,77.7735,931.5341,1.0,"[11, 25, 6, 30, 18, 2, 12, 13, 26, 0, 168, 28, 8, 20, 21, 16, 54, 37, 42, 5, 1, 27, 19, 53, 68, 55, 7, 41, 36, 17, 58, 64, 4, 24, 70, 78, 73, 50, 47, 23, 46, 3, 10, 9, 66, 67, 94, 62, 51, 60, 71, 83, 45, 31, 182, 43, 61, 76, 22, 14, 52, 84, 63, 40, 15, 80, 508, 29, 195, 56, 34, 116, 88, 100, 106, 57, 33, 104, 196, 38, 39, 102, 89, 92, 35, 119, 87, 65, 72, 107, 44, 90, 74, 93, 75, 49, 59, 130, 86, 85, 129, 95, 91, 79, 499, 134, 112, 123, 383, 97, 121, 177, 98, 48, 96, 101, 99, 105, 132, 171, 108, 110, 114, 82, 111, 174, 127, 126, 136, 475, 118, 148, 128, 131, 386, 137, 140, 354, 226, 125, 369, 141, 150, 191, 250, 152, 153, 147, 115, 156, 205, 218, 197, 145, 146, 326, 160, 157, 149, 124, 154, 204]",-77.7735
-11.095422,860,56.635261,39.4874,80.0786,1119.344,1.0,"[2, 3, 6, 17, 8, 16, 13, 7, 0, 1, 41, 19, 20, 21, 22, 35, 11, 25, 24, 12, 5, 27, 23, 36, 51, 31, 34, 42, 37, 38, 57, 18, 10, 39, 4, 46, 43, 29, 30, 28, 26, 14, 40, 9, 72, 45, 50, 47, 44, 61, 62, 56, 15, 59, 48, 90, 75, 76, 63, 74, 52, 49, 210, 77, 53, 85, 195, 68, 69, 32, 33, 103, 55, 86, 58, 122, 88, 60, 91, 89, 172, 54, 95, 93, 64, 96, 94, 66, 110, 97, 225, 67, 185, 99, 119, 73, 121, 98, 433, 113, 100, 65, 102, 84, 128, 101, 112, 191, 127, 108, 105, 111, 116, 125, 126, 71, 87, 106, 252, 179, 79, 120, 123, 146, 155, 150, 131, 133, 435, 82, 149, 144, 83, 107, 152, 137, 139, 370, 136, 204, 148, 134, 117, 92, 140, 138, 142, 129, 157, 259, 156, 141, 355, 109, 132, 145, 442, 124, 135, 160, 386, 153]",-80.0786
-11.37116,1115,120.759553,39.7681,82.9752,961.5629,1.0,"[1, 6, 30, 0, 13, 12, 2, 5, 20, 21, 17, 4, 29, 8, 10, 37, 11, 28, 9, 14, 15, 68, 70, 55, 19, 3, 46, 49, 53, 27, 35, 7, 24, 22, 58, 25, 42, 18, 32, 60, 33, 23, 173, 16, 31, 26, 38, 165, 73, 63, 36, 45, 34, 51, 50, 119, 83, 39, 41, 47, 69, 52, 54, 57, 43, 62, 59, 94, 40, 56, 237, 44, 80, 77, 66, 48, 88, 103, 74, 170, 65, 97, 92, 61, 109, 64, 105, 67, 100, 122, 89, 196, 98, 85, 72, 104, 79, 93, 71, 302, 82, 78, 112, 106, 118, 111, 126, 195, 91, 99, 107, 121, 87, 406, 140, 108, 137, 191, 84, 116, 136, 125, 127, 209, 303, 142, 129, 435, 190, 128, 491, 188, 459, 110, 246, 153, 138, 155, 217, 355, 115, 144, 370, 326, 174, 133, 156, 146, 96, 475, 161, 150, 466, 148, 218, 434, 124, 468, 152, 159, 443, 393]",-82.9752
-11.05588,918,208.933398,45.3013,86.7634,1621.5991,1.0,"[3, 6, 1, 11, 13, 22, 37, 55, 18, 20, 4, 43, 16, 21, 26, 38, 63, 0, 73, 9, 7, 24, 12, 29, 45, 87, 17, 36, 27, 23, 30, 42, 41, 47, 46, 35, 40, 32, 50, 49, 52, 62, 33, 70, 59, 88, 97, 69, 5, 25, 44, 89, 65, 77, 80, 2, 83, 94, 64, 51, 76, 8, 54, 48, 56, 79, 61, 93, 10, 92, 104, 105, 106, 19, 100, 57, 28, 78, 82, 107, 111, 84, 68, 196, 14, 74, 102, 15, 90, 81, 72, 75, 116, 95, 129, 103, 66, 85, 91, 67, 283, 98, 109, 125, 130, 53, 112, 86, 71, 58, 60, 31, 96, 123, 99, 118, 133, 34, 132, 110, 119, 114, 120, 191, 122, 101, 126, 140, 39, 135, 121, 144, 127, 137, 155, 131, 407, 136, 141, 142, 128, 354, 207, 148, 150, 115, 153, 253, 139, 219, 251, 156, 146, 147, 369, 124, 218, 160, 204, 149, 157, 154]",-86.7634
-9.655344,1072,268.046581,38.4272,77.6921,999.7139,1.0,"[51, 6, 1, 29, 13, 57, 37, 0, 49, 20, 3, 4, 24, 21, 30, 2, 22, 27, 5, 9, 45, 17, 16, 10, 7, 11, 41, 52, 38, 14, 216, 8, 25, 46, 15, 168, 42, 32, 18, 98, 35, 33, 63, 36, 72, 47, 26, 76, 65, 23, 12, 59, 55, 88, 61, 43, 50, 79, 54, 56, 165, 19, 83, 89, 86, 62, 28, 64, 70, 93, 68, 81, 82, 77, 78, 220, 87, 74, 95, 66, 96, 40, 113, 67, 108, 94, 241, 120, 91, 240, 395, 53, 100, 58, 80, 110, 75, 84, 102, 92, 123, 97, 60, 31, 115, 125, 112, 117, 44, 118, 243, 114, 48, 71, 106, 387, 146, 144, 85, 124, 139, 105, 133, 151, 179, 119, 148, 34, 99, 126, 127, 107, 129, 130, 149, 121, 137, 159, 150, 132, 154, 450, 155, 142, 136, 190, 207, 128, 392, 134, 140, 138, 345, 204, 135, 156, 143, 442, 394, 147, 153, 160]",-77.6921
-10.110791,952,312.841735,41.4112,83.0237,1190.2401,1.0,"[0, 3, 2, 5, 1, 22, 29, 30, 4, 10, 6, 25, 14, 49, 15, 38, 9, 8, 16, 68, 43, 11, 17, 41, 13, 50, 7, 62, 56, 18, 19, 75, 54, 36, 51, 76, 26, 12, 57, 87, 32, 20, 66, 33, 21, 23, 24, 47, 31, 67, 42, 63, 61, 27, 35, 74, 55, 70, 72, 88, 28, 424, 77, 46, 34, 195, 89, 97, 37, 40, 59, 86, 39, 177, 347, 44, 91, 71, 69, 113, 48, 64, 73, 96, 93, 99, 78, 45, 105, 53, 83, 110, 103, 165, 84, 130, 116, 136, 92, 80, 95, 52, 94, 111, 115, 217, 118, 117, 139, 100, 112, 256, 137, 98, 102, 124, 109, 274, 125, 60, 144, 127, 220, 244, 65, 140, 250, 142, 108, 129, 207, 120, 148, 491, 119, 219, 104, 121, 79, 150, 147, 128, 209, 282, 151, 135, 156, 153, 188, 146, 158, 152, 393, 126, 160, 361, 466, 368, 398, 369, 161, 259]",-83.0237
-10.457293,1183,372.022699,41.5629,85.6207,1158.8335,1.0,"[17, 11, 25, 42, 18, 35, 1, 6, 26, 59, 3, 0, 4, 37, 50, 22, 5, 9, 70, 16, 13, 64, 30, 2, 73, 77, 29, 54, 38, 8, 10, 56, 167, 41, 14, 15, 7, 32, 68, 36, 66, 20, 241, 33, 19, 12, 55, 21, 74, 49, 83, 78, 47, 80, 24, 75, 62, 43, 61, 67, 27, 23, 46, 104, 85, 31, 81, 103, 69, 45, 71, 76, 40, 91, 28, 34, 90, 88, 84, 39, 107, 94, 51, 229, 44, 97, 52, 115, 177, 118, 100, 53, 196, 48, 89, 326, 58, 109, 65, 106, 98, 57, 112, 276, 170, 119, 105, 101, 130, 116, 102, 232, 99, 121, 191, 110, 471, 136, 87, 93, 127, 79, 188, 126, 129, 82, 114, 156, 255, 131, 86, 144, 218, 125, 128, 160, 138, 208, 123, 140, 147, 137, 96, 132, 226, 369, 150, 152, 398, 146, 159, 174, 475, 142, 141, 161, 250, 466, 393, 207, 153, 154]",-85.6207
-9.817869,851,450.285092,42.6194,83.306,1231.0233,1.0,"[17, 6, 47, 0, 13, 12, 2, 5, 20, 21, 30, 35, 76, 8, 10, 3, 36, 28, 27, 14, 15, 7, 55, 19, 97, 22, 1, 16, 183, 24, 41, 31, 23, 59, 25, 42, 34, 43, 50, 61, 39, 4, 37, 11, 53, 51, 9, 62, 49, 54, 105, 70, 69, 57, 58, 40, 56, 46, 66, 18, 68, 63, 60, 32, 44, 87, 26, 72, 90, 111, 38, 74, 77, 73, 45, 33, 67, 48, 86, 88, 95, 94, 113, 89, 81, 52, 98, 116, 96, 80, 93, 75, 65, 101, 71, 112, 106, 83, 247, 85, 91, 129, 79, 103, 108, 92, 250, 120, 126, 118, 64, 100, 102, 122, 82, 137, 78, 132, 136, 109, 123, 127, 130, 140, 235, 135, 190, 99, 104, 142, 150, 191, 138, 110, 207, 143, 209, 119, 114, 257, 346, 115, 121, 383, 392, 139, 156, 146, 398, 442, 157, 181, 128, 160, 148, 253, 161, 283, 124, 149, 159, 154]",-83.306
-9.727763,993,516.647793,36.982,81.7356,824.3665,1.0,"[2, 3, 11, 1, 22, 24, 7, 4, 18, 16, 47, 9, 8, 38, 23, 0, 30, 26, 41, 6, 37, 40, 45, 5, 42, 51, 44, 55, 25, 88, 19, 48, 32, 57, 33, 13, 172, 29, 12, 10, 36, 43, 448, 68, 14, 94, 76, 56, 15, 52, 46, 17, 64, 54, 74, 49, 62, 70, 34, 225, 50, 63, 84, 89, 39, 237, 66, 122, 72, 28, 69, 77, 20, 21, 214, 35, 347, 67, 65, 100, 93, 119, 27, 85, 59, 53, 97, 103, 102, 99, 58, 86, 98, 60, 116, 338, 71, 79, 123, 101, 82, 105, 61, 90, 111, 104, 125, 87, 113, 136, 95, 127, 249, 232, 181, 133, 118, 140, 216, 115, 141, 475, 129, 320, 130, 383, 253, 138, 126, 212, 283, 124, 150, 152, 81, 491, 223, 355, 190, 321, 457, 393, 191, 208, 498, 458, 146, 369, 174, 219, 398, 156, 466, 218, 399, 145, 109, 110, 114, 154, 226, 443]",-81.7356
-10.416627,942,575.732009,43.1472,88.0898,1432.4085,1.0,"[7, 55, 12, 36, 23, 94, 3, 11, 40, 17, 76, 22, 28, 1, 0, 25, 35, 6, 61, 30, 38, 44, 42, 4, 47, 2, 18, 43, 48, 177, 16, 53, 9, 26, 13, 37, 50, 5, 56, 46, 59, 100, 8, 54, 51, 29, 20, 87, 58, 77, 60, 102, 69, 32, 68, 33, 24, 66, 70, 49, 75, 241, 57, 19, 62, 63, 21, 106, 73, 81, 10, 67, 123, 240, 85, 72, 27, 41, 119, 74, 71, 80, 14, 83, 88, 90, 121, 86, 15, 45, 64, 89, 91, 112, 97, 98, 93, 92, 248, 103, 220, 109, 52, 78, 104, 95, 105, 31, 96, 110, 113, 108, 217, 125, 99, 129, 127, 383, 115, 107, 118, 130, 84, 34, 226, 117, 140, 133, 126, 475, 132, 457, 148, 209, 134, 142, 65, 124, 39, 174, 156, 191, 190, 346, 197, 136, 207, 161, 146, 354, 79, 159, 442, 370, 150, 251, 361, 149, 160, 154, 257, 157]",-88.0898
-9.446815,1034,646.046653,38.2654,79.7319,867.5833,1.0,"[0, 1, 6, 3, 4, 5, 29, 7, 22, 9, 10, 13, 42, 12, 14, 15, 49, 11, 30, 20, 23, 38, 24, 17, 28, 21, 2, 37, 32, 68, 16, 40, 43, 8, 27, 33, 18, 50, 44, 56, 45, 48, 62, 26, 25, 41, 19, 53, 36, 77, 237, 35, 74, 210, 58, 51, 60, 98, 73, 46, 47, 85, 54, 59, 52, 406, 55, 83, 168, 347, 57, 63, 76, 407, 31, 80, 65, 34, 94, 88, 91, 39, 90, 89, 87, 100, 92, 119, 95, 97, 79, 109, 116, 72, 82, 66, 64, 93, 395, 67, 122, 115, 112, 102, 179, 105, 99, 78, 129, 130, 127, 107, 126, 123, 61, 140, 121, 117, 242, 134, 111, 131, 195, 235, 196, 132, 370, 118, 86, 136, 321, 125, 345, 135, 256, 327, 457, 191, 96, 133, 384, 147, 346, 156, 458, 398, 442, 207, 146, 150, 148, 149, 161, 160, 259, 110, 251, 219, 120, 394, 114, 226]",-79.7319
-9.523082,1066,698.653296,39.8937,79.886,1001.8737,1.0,"[37, 0, 12, 6, 5, 3, 11, 13, 10, 25, 24, 73, 14, 22, 15, 184, 7, 29, 20, 21, 28, 30, 46, 26, 38, 54, 27, 43, 2, 53, 63, 69, 8, 58, 49, 83, 23, 77, 16, 75, 258, 85, 1, 50, 103, 64, 19, 45, 165, 17, 62, 66, 67, 51, 36, 87, 130, 164, 40, 76, 92, 71, 57, 52, 56, 55, 41, 31, 4, 47, 118, 44, 99, 95, 194, 65, 48, 70, 61, 80, 39, 98, 109, 78, 72, 215, 74, 79, 35, 101, 81, 82, 129, 94, 9, 179, 113, 84, 108, 107, 177, 112, 88, 191, 106, 59, 89, 132, 116, 93, 97, 91, 134, 119, 110, 121, 114, 100, 32, 144, 86, 388, 226, 33, 102, 128, 111, 385, 135, 123, 398, 115, 247, 150, 105, 146, 96, 251, 161, 250, 136, 159, 466, 117, 126, 156, 154, 131, 120, 137, 140, 141, 124, 393, 354, 442, 153, 143, 160, 142, 257, 207]",-79.886
-9.99631,979,763.163055,43.6159,84.8667,1365.8104,1.0,"[0, 1, 11, 3, 4, 5, 2, 63, 22, 10, 9, 18, 16, 25, 14, 15, 6, 37, 26, 38, 8, 41, 42, 47, 13, 24, 30, 20, 21, 46, 32, 56, 97, 19, 62, 7, 74, 27, 73, 64, 33, 29, 43, 68, 50, 17, 75, 91, 49, 69, 12, 78, 113, 36, 51, 31, 112, 85, 55, 23, 77, 70, 28, 35, 34, 53, 76, 59, 103, 39, 80, 57, 84, 58, 61, 40, 60, 45, 72, 115, 83, 88, 44, 87, 81, 54, 99, 48, 89, 94, 104, 92, 52, 98, 165, 93, 66, 67, 122, 181, 116, 118, 86, 326, 71, 101, 111, 100, 106, 124, 170, 108, 109, 65, 119, 102, 96, 130, 105, 121, 125, 136, 128, 134, 151, 120, 144, 123, 79, 388, 208, 82, 156, 137, 138, 129, 133, 197, 161, 132, 150, 146, 458, 158, 207, 149, 152, 140, 159, 147, 110, 135, 114, 345, 346, 126, 259, 443, 368, 394, 434, 143]",-84.8667
-9.857952,1030,808.334591,43.6445,83.8888,1164.1303,1.0,"[0, 1, 16, 17, 4, 5, 6, 3, 9, 10, 35, 41, 11, 30, 22, 14, 24, 25, 15, 13, 18, 42, 43, 38, 2, 63, 32, 26, 20, 21, 45, 36, 37, 87, 55, 12, 8, 68, 33, 27, 61, 76, 56, 64, 52, 59, 50, 51, 78, 54, 74, 28, 46, 169, 88, 65, 69, 47, 66, 89, 67, 80, 94, 29, 77, 19, 84, 81, 57, 79, 7, 93, 111, 214, 106, 82, 73, 70, 179, 130, 49, 110, 53, 71, 100, 72, 102, 90, 103, 125, 83, 31, 58, 86, 60, 113, 98, 97, 34, 118, 114, 115, 96, 95, 23, 39, 116, 250, 92, 120, 75, 107, 105, 101, 112, 122, 129, 85, 108, 136, 146, 188, 139, 132, 127, 253, 126, 135, 109, 138, 40, 124, 123, 355, 466, 156, 137, 99, 259, 131, 119, 245, 369, 44, 151, 48, 144, 218, 128, 142, 148, 145, 443, 150, 155, 251, 399, 140, 159, 394, 141, 153]",-83.8888
-9.300816,905,856.370981,39.4247,79.8184,1154.1241,1.0,"[11, 7, 2, 17, 18, 23, 24, 1, 8, 42, 26, 70, 35, 40, 16, 3, 19, 36, 41, 30, 45, 0, 44, 47, 22, 31, 48, 172, 62, 25, 59, 4, 34, 6, 52, 51, 39, 9, 5, 29, 43, 54, 64, 46, 12, 76, 56, 470, 78, 38, 66, 165, 196, 10, 50, 63, 13, 55, 32, 37, 14, 104, 84, 15, 116, 182, 74, 75, 122, 67, 69, 28, 65, 72, 33, 20, 68, 21, 85, 73, 53, 86, 91, 49, 83, 95, 58, 107, 27, 98, 94, 106, 71, 96, 60, 92, 241, 388, 79, 61, 97, 88, 99, 89, 82, 383, 87, 93, 109, 299, 220, 119, 103, 81, 130, 115, 108, 136, 120, 185, 102, 112, 385, 121, 303, 138, 129, 126, 219, 491, 105, 140, 131, 134, 128, 326, 110, 135, 247, 143, 345, 150, 257, 151, 457, 124, 482, 152, 114, 155, 394, 146, 156, 142, 153, 399, 149, 139, 442, 154, 145, 160]",-79.8184
-10.373607,976,898.879812,42.2009,87.9721,1154.808,1.0,"[11, 7, 6, 1, 18, 23, 2, 3, 26, 40, 29, 12, 8, 13, 44, 16, 17, 49, 20, 36, 43, 4, 48, 21, 19, 22, 0, 28, 30, 35, 46, 70, 64, 27, 9, 41, 24, 51, 483, 38, 50, 25, 78, 84, 31, 57, 5, 55, 47, 45, 42, 56, 34, 32, 61, 62, 63, 72, 33, 39, 53, 165, 68, 69, 77, 59, 94, 37, 86, 76, 54, 10, 74, 52, 116, 95, 80, 275, 81, 96, 112, 60, 14, 98, 66, 146, 15, 171, 91, 73, 67, 100, 111, 130, 71, 104, 101, 196, 102, 129, 120, 97, 185, 125, 237, 282, 250, 105, 106, 140, 191, 132, 108, 134, 65, 122, 155, 85, 88, 99, 83, 123, 135, 127, 89, 360, 156, 126, 204, 82, 190, 345, 149, 252, 143, 110, 93, 158, 119, 253, 229, 109, 137, 160, 144, 153, 114, 121, 154, 142, 327, 150, 148, 248, 434, 207, 136, 251, 159, 354, 147, 393]",-87.9721
-9.311063,1115,946.465473,38.5245,76.6696,966.2566,1.0,"[3, 6, 25, 2, 13, 22, 1, 11, 20, 21, 7, 0, 4, 18, 38, 12, 42, 8, 27, 9, 26, 23, 77, 16, 5, 17, 24, 19, 10, 80, 28, 37, 29, 30, 14, 36, 40, 32, 15, 33, 35, 41, 43, 50, 44, 31, 48, 47, 55, 59, 34, 45, 49, 51, 69, 88, 56, 46, 57, 52, 54, 39, 73, 63, 76, 70, 89, 75, 62, 85, 68, 66, 61, 74, 65, 64, 72, 81, 97, 83, 103, 53, 78, 93, 84, 67, 79, 119, 90, 87, 104, 177, 185, 92, 82, 98, 181, 105, 106, 116, 99, 86, 58, 130, 112, 170, 129, 101, 491, 71, 276, 232, 136, 121, 113, 94, 109, 96, 151, 135, 111, 138, 91, 144, 128, 475, 125, 100, 110, 134, 155, 140, 148, 127, 156, 147, 133, 115, 219, 114, 209, 253, 150, 126, 124, 158, 152, 153, 146, 161, 226, 102, 131, 137, 303, 466, 393, 443, 369, 154, 458, 207]",-76.6696
-9.751046,914,990.050746,43.1023,83.376,1315.666,1.0,"[1, 2, 3, 36, 4, 8, 30, 24, 61, 9, 7, 11, 45, 19, 22, 169, 42, 17, 16, 18, 23, 63, 6, 31, 34, 26, 38, 52, 172, 25, 29, 35, 32, 40, 12, 69, 33, 44, 41, 37, 46, 13, 43, 0, 75, 48, 49, 47, 81, 182, 65, 54, 64, 56, 50, 85, 196, 51, 66, 55, 79, 74, 450, 67, 76, 82, 20, 70, 90, 59, 28, 104, 78, 21, 57, 98, 206, 110, 87, 27, 95, 91, 217, 99, 53, 68, 112, 71, 58, 72, 60, 10, 122, 73, 101, 84, 83, 94, 140, 86, 14, 97, 88, 15, 105, 106, 100, 345, 89, 139, 126, 102, 111, 96, 116, 92, 108, 120, 107, 103, 115, 119, 131, 127, 117, 121, 123, 109, 125, 137, 129, 118, 128, 136, 124, 130, 132, 133, 135, 144, 138, 142, 134, 191, 146, 238, 385, 459, 150, 219, 152, 153, 149, 156, 197, 370, 158, 257, 157, 154, 443, 204]",-83.376
-10.322322,1106,1040.804194,45.2777,86.5797,1551.2722,1.0,"[25, 0, 7, 16, 5, 54, 168, 50, 10, 66, 41, 3, 29, 23, 14, 15, 12, 2, 22, 112, 47, 6, 67, 40, 30, 11, 13, 242, 38, 28, 8, 1, 42, 88, 44, 43, 36, 198, 48, 18, 37, 62, 20, 21, 51, 24, 19, 68, 61, 56, 46, 57, 26, 27, 53, 63, 55, 292, 4, 73, 81, 75, 93, 77, 274, 60, 224, 9, 171, 76, 196, 70, 31, 85, 200, 72, 99, 97, 87, 74, 98, 34, 32, 130, 94, 118, 52, 165, 223, 39, 100, 80, 129, 101, 33, 35, 132, 92, 91, 105, 64, 95, 86, 225, 135, 106, 144, 96, 407, 208, 116, 59, 115, 136, 117, 140, 255, 104, 138, 111, 109, 177, 65, 107, 257, 84, 119, 125, 137, 156, 102, 121, 127, 133, 120, 79, 142, 146, 82, 150, 123, 134, 149, 152, 158, 159, 394, 110, 191, 209, 248, 217, 126, 459, 259, 190, 160, 398, 370, 153, 139, 399]",-86.5797
-9.122835,949,1098.480755,36.9959,78.3123,872.1755,1.0,"[2, 47, 0, 7, 8, 16, 3, 23, 5, 6, 1, 19, 10, 22, 97, 11, 41, 12, 14, 15, 42, 25, 40, 105, 44, 13, 18, 24, 56, 31, 29, 48, 30, 26, 34, 4, 28, 36, 63, 88, 39, 55, 74, 17, 38, 9, 54, 49, 76, 37, 89, 20, 21, 69, 70, 45, 61, 27, 62, 77, 53, 43, 189, 58, 32, 52, 35, 73, 238, 64, 81, 46, 57, 50, 237, 33, 78, 98, 68, 94, 60, 66, 406, 91, 85, 234, 65, 90, 83, 87, 59, 242, 108, 119, 95, 84, 106, 112, 72, 79, 115, 82, 177, 253, 100, 80, 111, 103, 255, 102, 110, 129, 426, 116, 118, 121, 244, 114, 104, 140, 113, 181, 92, 127, 434, 109, 136, 132, 137, 209, 256, 128, 125, 383, 133, 246, 174, 96, 126, 188, 130, 150, 205, 152, 355, 146, 145, 191, 212, 385, 156, 131, 370, 158, 197, 157, 149, 219, 474, 161, 160, 259]",-78.3123
-9.133511,998,1174.146824,38.9331,77.6039,980.5265,1.0,"[24, 7, 6, 25, 23, 0, 1, 2, 5, 17, 40, 45, 16, 3, 8, 11, 168, 10, 13, 14, 51, 18, 20, 29, 15, 22, 19, 21, 30, 35, 42, 26, 56, 44, 49, 27, 59, 55, 12, 31, 4, 57, 62, 34, 47, 48, 52, 41, 36, 9, 77, 68, 111, 50, 39, 43, 28, 74, 46, 38, 173, 54, 63, 94, 88, 72, 32, 33, 106, 37, 177, 70, 61, 66, 65, 89, 90, 64, 324, 172, 67, 75, 100, 79, 130, 195, 86, 53, 78, 87, 82, 93, 71, 113, 58, 98, 60, 102, 73, 127, 96, 85, 84, 171, 125, 95, 83, 104, 116, 101, 156, 107, 123, 232, 97, 110, 433, 92, 112, 105, 99, 252, 396, 474, 250, 126, 218, 131, 134, 136, 146, 160, 138, 434, 109, 129, 117, 137, 124, 191, 119, 132, 149, 197, 143, 257, 150, 135, 205, 121, 154, 383, 321, 140, 392, 141, 207, 208, 212, 204, 394, 386]",-77.6039
-10.287826,1128,1265.693012,43.0778,85.7589,1343.0186,1.0,"[0, 63, 11, 1, 5, 6, 7, 4, 10, 16, 3, 18, 14, 9, 15, 23, 29, 56, 22, 41, 46, 25, 26, 40, 13, 2, 12, 44, 38, 49, 74, 50, 37, 88, 48, 32, 54, 36, 70, 33, 28, 20, 24, 30, 21, 91, 8, 90, 89, 42, 51, 27, 66, 61, 62, 43, 64, 67, 45, 55, 47, 81, 57, 53, 93, 116, 19, 69, 68, 71, 58, 76, 60, 75, 196, 78, 17, 95, 177, 171, 52, 77, 31, 87, 84, 115, 80, 34, 112, 98, 72, 39, 35, 110, 85, 94, 59, 130, 144, 326, 65, 99, 73, 101, 124, 106, 185, 79, 83, 97, 146, 108, 119, 82, 92, 104, 105, 217, 107, 86, 149, 208, 111, 139, 125, 133, 140, 154, 121, 96, 136, 137, 188, 120, 100, 128, 127, 129, 490, 209, 219, 102, 156, 126, 123, 138, 142, 109, 191, 153, 135, 368, 150, 442, 398, 207, 369, 392, 147, 160, 204, 394]",-85.7589
-9.442973,758,1361.443494,40.7474,81.7076,1155.3737,1.0,"[24, 3, 36, 17, 22, 45, 0, 1, 42, 7, 35, 5, 11, 12, 29, 4, 10, 47, 61, 52, 16, 30, 14, 15, 38, 9, 23, 28, 6, 37, 25, 50, 40, 68, 18, 56, 44, 2, 43, 48, 26, 62, 59, 8, 13, 41, 51, 53, 46, 58, 168, 32, 76, 65, 60, 54, 33, 49, 63, 74, 20, 70, 55, 19, 66, 113, 73, 21, 88, 89, 27, 165, 67, 237, 31, 106, 94, 79, 77, 81, 91, 83, 71, 80, 87, 95, 34, 57, 144, 238, 39, 130, 104, 103, 85, 72, 64, 100, 82, 107, 97, 112, 177, 99, 126, 78, 188, 116, 92, 111, 84, 368, 105, 148, 185, 86, 102, 119, 123, 143, 115, 96, 136, 127, 125, 159, 117, 140, 110, 121, 250, 109, 141, 98, 217, 146, 124, 138, 191, 128, 120, 346, 156, 466, 257, 137, 220, 129, 197, 139, 154, 491, 142, 158, 399, 150, 459, 108, 392, 160, 394, 174]",-81.7076
-9.442453,1022,1447.053137,40.0156,78.6861,1002.5957,1.0,"[36, 25, 29, 7, 54, 0, 3, 49, 66, 6, 1, 22, 23, 24, 37, 61, 2, 12, 13, 40, 44, 38, 195, 5, 11, 43, 8, 42, 47, 4, 48, 10, 28, 16, 51, 67, 9, 19, 167, 30, 45, 20, 57, 21, 18, 46, 17, 14, 50, 56, 68, 336, 15, 75, 41, 182, 70, 52, 53, 26, 32, 71, 90, 55, 85, 110, 74, 103, 76, 35, 62, 58, 31, 33, 65, 73, 69, 276, 88, 80, 91, 34, 94, 95, 177, 113, 98, 59, 87, 79, 115, 72, 89, 39, 99, 82, 106, 100, 101, 64, 435, 117, 102, 78, 104, 97, 84, 83, 232, 112, 93, 127, 118, 246, 114, 241, 96, 92, 124, 116, 107, 129, 244, 243, 105, 140, 126, 125, 134, 131, 119, 132, 120, 146, 133, 149, 144, 245, 345, 191, 137, 136, 139, 155, 128, 135, 256, 148, 154, 212, 369, 150, 142, 257, 251, 219, 161, 156, 394, 158, 443, 145]",-78.6861
-10.062526,1113,1549.043199,43.1618,84.2491,1214.7228,1.0,"[2, 12, 11, 17, 8, 28, 6, 25, 35, 50, 51, 19, 18, 42, 13, 3, 53, 24, 1, 22, 59, 26, 58, 54, 0, 43, 20, 16, 56, 21, 4, 57, 31, 5, 36, 47, 258, 27, 66, 34, 55, 37, 38, 9, 45, 41, 182, 30, 39, 111, 74, 308, 62, 7, 52, 67, 106, 61, 125, 46, 63, 71, 29, 168, 64, 32, 80, 81, 94, 70, 14, 33, 91, 75, 15, 173, 97, 73, 110, 88, 78, 83, 68, 103, 72, 85, 89, 65, 105, 250, 84, 113, 87, 79, 100, 119, 93, 229, 396, 90, 121, 49, 82, 104, 99, 102, 129, 23, 112, 217, 144, 107, 86, 109, 128, 95, 240, 123, 132, 98, 96, 130, 135, 139, 137, 140, 141, 156, 148, 126, 120, 153, 40, 122, 115, 158, 44, 159, 136, 134, 48, 117, 389, 151, 142, 327, 101, 138, 207, 150, 146, 221, 368, 407, 197, 399, 466, 392, 257, 154, 143, 393]",-84.2491
-10.153004,905,1644.11799,44.6117,87.1392,1229.7565,1.0,"[1, 16, 47, 36, 4, 17, 2, 41, 9, 97, 25, 6, 8, 7, 11, 61, 88, 105, 35, 12, 0, 19, 3, 42, 18, 32, 13, 51, 29, 33, 22, 37, 69, 26, 28, 54, 43, 50, 81, 53, 57, 49, 77, 76, 23, 56, 110, 55, 58, 60, 66, 73, 30, 31, 72, 24, 89, 67, 59, 63, 122, 46, 5, 40, 71, 70, 62, 83, 80, 34, 74, 39, 86, 64, 90, 38, 114, 92, 68, 20, 78, 96, 10, 94, 91, 45, 21, 120, 14, 435, 93, 44, 98, 48, 127, 115, 103, 100, 84, 302, 101, 15, 111, 106, 27, 104, 95, 87, 118, 117, 52, 125, 113, 112, 139, 75, 85, 107, 137, 191, 108, 124, 129, 109, 116, 188, 383, 142, 150, 123, 155, 65, 132, 250, 99, 204, 119, 207, 79, 392, 121, 492, 136, 126, 82, 157, 148, 131, 354, 140, 146, 128, 355, 156, 143, 209, 442, 467, 159, 212, 468, 443]",-87.1392
-9.609812,942,1733.500226,42.0768,81.162,1133.6585,1.0,"[3, 24, 7, 2, 45, 22, 1, 0, 12, 11, 23, 5, 17, 6, 38, 8, 52, 40, 25, 50, 4, 18, 30, 62, 10, 44, 9, 26, 35, 28, 37, 46, 19, 47, 16, 14, 59, 54, 75, 43, 29, 41, 15, 51, 36, 48, 53, 66, 68, 228, 56, 69, 67, 32, 57, 63, 55, 65, 31, 90, 49, 77, 33, 42, 34, 70, 20, 72, 74, 61, 106, 39, 88, 79, 76, 81, 58, 94, 80, 86, 82, 21, 85, 64, 91, 60, 71, 73, 130, 89, 100, 95, 78, 98, 84, 102, 87, 96, 97, 101, 110, 27, 108, 156, 103, 113, 114, 223, 120, 105, 240, 93, 119, 112, 158, 226, 126, 122, 92, 111, 389, 118, 99, 245, 123, 136, 131, 104, 160, 109, 181, 144, 125, 137, 133, 321, 129, 146, 140, 134, 142, 209, 145, 148, 346, 191, 143, 115, 256, 150, 219, 155, 467, 490, 174, 257, 154, 392, 326, 157, 327, 204]",-81.162
-9.915526,1060,1829.465049,41.3271,83.8006,1118.9595,1.0,"[6, 43, 11, 12, 13, 16, 3, 18, 20, 0, 30, 21, 22, 28, 24, 7, 27, 69, 37, 23, 38, 5, 36, 1, 53, 26, 29, 25, 45, 41, 42, 56, 58, 60, 40, 50, 4, 17, 52, 73, 55, 51, 54, 9, 2, 47, 57, 75, 44, 112, 46, 63, 48, 66, 35, 62, 10, 72, 49, 74, 70, 67, 59, 80, 76, 83, 88, 61, 71, 77, 32, 14, 65, 8, 15, 68, 91, 87, 98, 81, 33, 97, 89, 85, 79, 166, 364, 86, 82, 92, 111, 93, 113, 103, 101, 170, 499, 96, 129, 105, 125, 106, 94, 104, 108, 99, 64, 130, 383, 132, 135, 116, 118, 107, 115, 482, 122, 265, 31, 208, 475, 100, 102, 127, 110, 117, 34, 457, 123, 114, 84, 126, 39, 140, 142, 151, 141, 136, 134, 197, 146, 139, 156, 124, 190, 159, 442, 212, 149, 160, 150, 138, 145, 143, 399, 119, 320, 147, 251, 248, 259, 157]",-83.8006
-9.726181,996,1934.375241,41.8032,82.7789,1177.568,1.0,"[2, 3, 0, 30, 8, 11, 5, 12, 6, 7, 19, 68, 22, 10, 18, 24, 1, 29, 37, 13, 28, 46, 31, 51, 14, 38, 15, 26, 194, 36, 25, 4, 20, 21, 49, 42, 70, 57, 9, 50, 43, 27, 23, 39, 53, 73, 16, 17, 186, 77, 58, 45, 87, 72, 62, 60, 47, 83, 74, 40, 32, 55, 54, 44, 41, 63, 76, 237, 33, 48, 35, 119, 61, 92, 66, 64, 52, 86, 90, 69, 85, 98, 94, 59, 97, 67, 65, 71, 96, 88, 170, 80, 103, 81, 89, 78, 113, 111, 93, 101, 104, 109, 91, 107, 122, 110, 112, 121, 105, 108, 100, 106, 129, 84, 79, 115, 116, 185, 140, 217, 117, 82, 130, 124, 128, 126, 136, 388, 132, 99, 131, 102, 146, 209, 283, 144, 226, 138, 120, 208, 135, 123, 151, 457, 149, 125, 355, 153, 197, 143, 159, 150, 205, 154, 392, 459, 156, 250, 218, 204, 157, 221]",-82.7789
-10.067188,1038,2028.980798,45.1287,85.3116,1515.5063,1.0,"[1, 62, 3, 4, 2, 12, 11, 8, 9, 113, 25, 24, 28, 37, 6, 22, 45, 19, 17, 16, 53, 18, 51, 46, 32, 33, 13, 7, 36, 58, 38, 73, 26, 57, 31, 43, 29, 52, 60, 35, 47, 0, 41, 20, 34, 30, 42, 21, 23, 168, 50, 39, 49, 59, 72, 144, 27, 173, 65, 55, 83, 428, 56, 5, 77, 64, 54, 74, 63, 94, 81, 75, 79, 90, 70, 66, 40, 85, 97, 67, 225, 99, 299, 10, 68, 103, 71, 88, 105, 80, 82, 44, 110, 48, 114, 92, 84, 89, 104, 122, 93, 98, 86, 170, 14, 102, 109, 106, 87, 15, 118, 101, 107, 96, 112, 119, 91, 126, 139, 121, 148, 191, 130, 108, 129, 134, 137, 303, 127, 490, 120, 190, 252, 116, 117, 128, 135, 142, 111, 125, 369, 146, 140, 250, 209, 136, 467, 145, 124, 155, 346, 150, 161, 152, 138, 159, 154, 156, 442, 394, 147, 160]",-85.3116
-9.542988,1054,2123.881698,42.091,80.8121,1173.9541,1.0,"[25, 24, 1, 6, 45, 17, 2, 43, 16, 4, 8, 52, 7, 11, 41, 37, 13, 0, 9, 12, 36, 18, 35, 20, 3, 62, 19, 21, 26, 56, 42, 22, 5, 59, 23, 51, 29, 27, 31, 32, 33, 34, 63, 50, 28, 10, 39, 80, 74, 47, 46, 65, 30, 55, 14, 49, 40, 38, 54, 70, 69, 57, 79, 77, 15, 364, 44, 68, 91, 66, 173, 53, 104, 48, 73, 67, 113, 64, 107, 94, 72, 58, 71, 60, 122, 78, 88, 95, 100, 112, 82, 97, 102, 103, 89, 83, 127, 98, 105, 130, 101, 235, 86, 75, 61, 106, 92, 238, 96, 116, 252, 81, 383, 123, 134, 117, 424, 87, 140, 108, 120, 126, 124, 131, 119, 118, 121, 110, 141, 243, 136, 99, 114, 146, 212, 111, 148, 137, 129, 128, 226, 149, 191, 143, 256, 125, 133, 150, 147, 219, 132, 458, 197, 156, 158, 145, 135, 152, 468, 160, 157, 204]",-80.8121
-9.770418,1013,2222.066255,43.0749,83.9089,1440.9389,1.0,"[29, 1, 11, 30, 4, 6, 70, 18, 9, 0, 3, 13, 26, 2, 7, 22, 49, 20, 21, 42, 68, 25, 24, 37, 27, 5, 32, 38, 98, 33, 8, 23, 36, 47, 16, 17, 116, 45, 62, 12, 237, 19, 10, 46, 61, 85, 43, 54, 55, 56, 41, 167, 51, 119, 74, 52, 66, 14, 35, 69, 15, 28, 31, 59, 97, 50, 67, 71, 94, 76, 57, 64, 34, 77, 65, 112, 80, 105, 72, 40, 73, 101, 87, 113, 111, 83, 91, 44, 81, 99, 79, 39, 86, 48, 103, 90, 53, 58, 82, 100, 96, 106, 125, 78, 108, 118, 60, 88, 137, 84, 102, 92, 89, 130, 95, 121, 129, 122, 93, 132, 120, 142, 104, 207, 107, 136, 110, 128, 109, 188, 144, 138, 115, 303, 156, 117, 208, 114, 389, 140, 255, 126, 147, 135, 191, 141, 368, 197, 146, 133, 150, 219, 158, 149, 152, 139, 370, 204, 346, 157, 259, 160]",-83.9089
-9.25718,1111,2323.862649,39.1,79.8503,1066.4415,1.0,"[6, 70, 2, 7, 13, 11, 3, 8, 20, 16, 12, 18, 23, 21, 36, 17, 19, 27, 26, 22, 40, 24, 116, 1, 44, 0, 77, 4, 28, 29, 30, 31, 38, 48, 9, 34, 186, 37, 45, 39, 5, 76, 294, 53, 52, 69, 43, 35, 41, 62, 51, 32, 50, 47, 33, 57, 122, 58, 10, 49, 46, 63, 65, 59, 42, 25, 68, 14, 73, 72, 74, 15, 64, 97, 79, 61, 83, 78, 258, 237, 88, 91, 54, 81, 94, 362, 85, 80, 86, 98, 103, 100, 92, 89, 113, 84, 87, 101, 105, 66, 102, 93, 96, 144, 90, 67, 110, 112, 127, 114, 111, 179, 303, 106, 95, 109, 118, 115, 108, 129, 107, 226, 117, 130, 140, 475, 137, 132, 71, 191, 119, 255, 385, 141, 134, 121, 426, 156, 126, 125, 159, 197, 135, 321, 131, 158, 146, 150, 392, 250, 143, 153, 136, 443, 205, 399, 149, 256, 393, 207, 257, 468]",-79.8503
-9.662844,816,2415.5823,42.3496,84.6329,1222.8624,1.0,"[7, 11, 3, 16, 23, 18, 17, 29, 22, 26, 40, 12, 2, 35, 41, 1, 36, 38, 25, 4, 0, 8, 49, 44, 48, 47, 69, 88, 63, 46, 9, 28, 19, 97, 30, 6, 75, 59, 43, 24, 5, 89, 54, 64, 51, 62, 93, 66, 37, 50, 61, 13, 165, 42, 31, 32, 70, 55, 73, 68, 33, 10, 56, 76, 34, 57, 94, 80, 39, 14, 81, 53, 224, 72, 83, 67, 77, 15, 71, 20, 116, 86, 58, 21, 74, 60, 106, 105, 52, 78, 423, 112, 98, 100, 113, 92, 109, 235, 27, 103, 101, 104, 111, 483, 96, 102, 170, 324, 110, 99, 107, 232, 177, 130, 123, 119, 121, 65, 128, 114, 120, 136, 118, 144, 79, 134, 127, 126, 226, 247, 256, 129, 191, 82, 137, 156, 257, 148, 491, 131, 140, 143, 250, 158, 142, 155, 150, 115, 386, 135, 345, 145, 251, 117, 399, 146, 394, 467, 153, 443, 255, 468]",-84.6329
-9.85457,1120,2523.505475,42.345,84.4566,1070.9173,1.0,"[1, 11, 12, 24, 18, 4, 3, 2, 26, 9, 7, 6, 8, 28, 45, 168, 0, 52, 47, 16, 5, 23, 64, 22, 17, 36, 78, 32, 53, 33, 25, 112, 29, 13, 58, 37, 19, 163, 65, 38, 41, 164, 55, 35, 10, 51, 62, 14, 276, 73, 79, 201, 54, 46, 20, 84, 57, 70, 76, 40, 21, 59, 66, 49, 82, 90, 56, 44, 72, 63, 74, 61, 27, 80, 30, 75, 15, 67, 83, 77, 71, 87, 95, 113, 88, 48, 85, 81, 86, 91, 177, 94, 89, 68, 92, 111, 93, 103, 109, 97, 96, 104, 31, 105, 106, 299, 120, 34, 130, 110, 39, 181, 129, 383, 188, 136, 118, 102, 116, 127, 247, 126, 114, 99, 156, 303, 133, 137, 138, 119, 131, 320, 191, 148, 98, 128, 386, 197, 115, 140, 204, 220, 117, 355, 142, 146, 150, 139, 108, 158, 124, 209, 143, 346, 467, 145, 160, 152, 394, 132, 135, 259]",-84.4566
-10.609774,953,2616.909842,48.6771,92.4658,1717.1377,1.0,"[0, 12, 6, 3, 5, 11, 25, 13, 22, 10, 50, 17, 28, 14, 16, 54, 15, 1, 20, 21, 38, 29, 30, 18, 27, 35, 24, 43, 66, 53, 67, 26, 41, 36, 7, 4, 55, 37, 58, 71, 60, 59, 49, 42, 169, 88, 9, 45, 46, 77, 61, 2, 51, 23, 69, 52, 47, 8, 64, 81, 87, 70, 89, 90, 76, 56, 78, 94, 57, 40, 63, 93, 19, 65, 68, 32, 95, 84, 73, 100, 111, 122, 44, 74, 102, 72, 452, 48, 360, 33, 106, 123, 110, 98, 105, 112, 82, 83, 113, 101, 127, 86, 103, 136, 114, 130, 118, 108, 92, 116, 96, 109, 91, 80, 75, 226, 126, 354, 140, 131, 448, 120, 85, 104, 144, 143, 147, 129, 107, 208, 119, 137, 132, 34, 135, 125, 99, 150, 209, 133, 219, 151, 142, 245, 156, 155, 188, 161, 153, 251, 115, 202, 117, 393, 321, 146, 207, 158, 255, 443, 467, 154]",-92.4658
-9.685824,967,2713.698448,45.0237,84.306,1507.6234,1.0,"[3, 46, 17, 2, 22, 12, 11, 35, 7, 16, 18, 38, 8, 90, 25, 0, 28, 30, 24, 26, 23, 77, 36, 19, 41, 1, 53, 29, 59, 58, 45, 51, 76, 5, 37, 42, 57, 40, 4, 52, 43, 69, 61, 95, 56, 167, 44, 9, 31, 54, 177, 47, 50, 48, 81, 49, 34, 70, 55, 66, 72, 68, 60, 62, 111, 39, 74, 112, 6, 32, 80, 87, 10, 67, 65, 216, 180, 71, 94, 91, 83, 14, 98, 13, 125, 86, 229, 116, 106, 101, 79, 88, 82, 96, 15, 103, 104, 109, 97, 119, 89, 64, 100, 107, 105, 93, 113, 110, 20, 102, 134, 121, 130, 78, 114, 126, 108, 321, 75, 388, 185, 85, 383, 115, 84, 21, 131, 136, 133, 117, 27, 129, 137, 191, 475, 99, 140, 132, 123, 141, 142, 150, 139, 124, 146, 155, 145, 135, 148, 152, 212, 149, 156, 219, 143, 442, 204, 354, 154, 157, 257, 443]",-84.306
-10.013741,914,2819.71279,45.6528,87.3242,1307.1895,1.0,"[30, 24, 12, 29, 45, 215, 3, 0, 52, 1, 11, 22, 28, 7, 16, 119, 4, 70, 6, 5, 38, 17, 2, 23, 9, 63, 46, 18, 8, 25, 36, 13, 10, 43, 55, 26, 41, 121, 35, 37, 42, 53, 32, 19, 56, 69, 49, 33, 14, 65, 15, 54, 59, 47, 76, 51, 62, 74, 61, 20, 58, 80, 66, 50, 21, 77, 60, 31, 73, 128, 236, 57, 34, 79, 81, 27, 75, 39, 106, 64, 72, 82, 67, 87, 83, 71, 78, 112, 86, 88, 90, 89, 100, 91, 103, 98, 92, 84, 177, 102, 85, 110, 93, 97, 179, 118, 96, 40, 101, 95, 116, 113, 109, 114, 108, 181, 111, 151, 127, 130, 44, 475, 105, 129, 99, 132, 144, 115, 208, 117, 417, 134, 125, 150, 139, 126, 152, 135, 155, 482, 123, 137, 140, 124, 131, 156, 399, 141, 393, 218, 136, 146, 370, 153, 354, 205, 386, 149, 355, 221, 154, 145]",-87.3242
-9.612481,1163,2914.708675,40.9059,82.6501,1178.6757,1.0,"[7, 0, 1, 6, 23, 5, 12, 69, 10, 3, 16, 13, 28, 14, 15, 30, 2, 22, 40, 4, 17, 11, 41, 44, 51, 46, 20, 21, 8, 35, 9, 37, 215, 42, 48, 38, 25, 36, 53, 470, 18, 43, 29, 58, 165, 27, 19, 47, 50, 32, 80, 26, 61, 88, 77, 167, 56, 62, 59, 60, 33, 31, 54, 73, 70, 74, 24, 89, 72, 34, 76, 93, 66, 95, 234, 106, 104, 103, 55, 75, 83, 81, 64, 91, 97, 85, 49, 39, 86, 107, 71, 177, 78, 113, 116, 111, 96, 99, 92, 118, 45, 435, 127, 110, 98, 84, 112, 146, 101, 105, 52, 156, 87, 125, 109, 136, 94, 115, 144, 114, 65, 117, 120, 108, 129, 124, 132, 100, 208, 119, 135, 102, 139, 218, 126, 133, 134, 191, 121, 150, 219, 137, 131, 79, 149, 197, 123, 140, 248, 143, 138, 221, 345, 82, 458, 161, 251, 154, 153, 147, 207, 393]",-82.6501
-10.288288,899,3012.001505,44.7592,90.4357,1425.2909,1.0,"[11, 12, 16, 30, 18, 0, 3, 26, 2, 28, 25, 22, 24, 1, 54, 5, 29, 7, 38, 8, 36, 17, 68, 10, 41, 42, 43, 66, 55, 47, 23, 61, 6, 67, 56, 64, 19, 46, 70, 4, 71, 49, 50, 51, 74, 14, 40, 9, 69, 37, 13, 172, 62, 78, 76, 15, 35, 84, 165, 81, 119, 77, 75, 32, 97, 91, 44, 104, 73, 63, 33, 57, 20, 45, 59, 87, 85, 21, 48, 88, 448, 52, 113, 177, 252, 89, 103, 121, 27, 93, 95, 107, 130, 105, 94, 194, 53, 99, 72, 223, 188, 106, 112, 117, 100, 92, 128, 275, 129, 109, 60, 116, 156, 185, 388, 110, 39, 102, 383, 124, 442, 491, 457, 65, 174, 205, 123, 111, 86, 114, 98, 139, 125, 208, 96, 145, 126, 386, 140, 79, 191, 131, 136, 133, 146, 82, 101, 155, 141, 120, 160, 150, 152, 354, 108, 346, 149, 161, 355, 369, 157, 259]",-90.4357
-9.237272,956,3115.07532,40.7176,80.324,964.6038,1.0,"[0, 1, 16, 3, 5, 4, 24, 7, 22, 10, 9, 11, 25, 41, 23, 14, 15, 2, 12, 40, 38, 18, 29, 17, 45, 8, 42, 37, 44, 88, 28, 26, 54, 48, 46, 43, 32, 19, 33, 36, 30, 49, 66, 35, 6, 51, 75, 89, 50, 70, 53, 59, 61, 67, 52, 216, 57, 55, 63, 62, 98, 173, 58, 215, 80, 69, 47, 65, 71, 60, 81, 72, 93, 56, 83, 31, 87, 85, 13, 177, 79, 82, 112, 113, 77, 86, 111, 34, 74, 179, 240, 39, 96, 435, 64, 92, 90, 91, 107, 101, 103, 95, 110, 97, 109, 20, 108, 78, 118, 94, 115, 106, 21, 129, 383, 127, 120, 27, 117, 151, 119, 208, 105, 114, 100, 136, 124, 126, 121, 99, 128, 132, 131, 146, 188, 125, 84, 150, 159, 155, 250, 138, 152, 137, 149, 140, 139, 135, 301, 156, 369, 154, 209, 158, 157, 142, 399, 123, 212, 355, 145, 443]",-80.324
-9.055641,943,3216.290884,39.6857,78.0656,1223.806,1.0,"[17, 16, 30, 11, 41, 35, 7, 2, 187, 42, 8, 18, 68, 1, 6, 37, 5, 26, 46, 23, 56, 24, 19, 3, 10, 36, 14, 4, 12, 22, 15, 55, 40, 73, 51, 59, 9, 29, 13, 44, 43, 62, 61, 83, 224, 25, 48, 64, 69, 63, 54, 76, 28, 78, 47, 32, 38, 52, 57, 50, 84, 90, 70, 20, 66, 21, 67, 49, 106, 119, 65, 74, 77, 87, 92, 33, 27, 53, 72, 81, 94, 95, 58, 75, 97, 79, 177, 60, 85, 80, 111, 86, 82, 112, 71, 113, 105, 103, 98, 96, 179, 109, 107, 101, 110, 100, 108, 121, 31, 91, 248, 125, 302, 120, 126, 116, 88, 114, 130, 118, 34, 123, 252, 250, 127, 384, 89, 131, 39, 99, 191, 136, 226, 117, 138, 129, 134, 238, 369, 146, 140, 148, 345, 155, 257, 156, 212, 124, 399, 466, 491, 158, 150, 174, 160, 468, 159, 457, 251, 142, 207, 157]",-78.0656
-9.060107,1175,3319.020916,36.4622,77.2857,779.2208,1.0,"[1, 0, 7, 4, 2, 5, 17, 11, 8, 9, 10, 23, 12, 24, 18, 14, 15, 25, 6, 19, 40, 26, 35, 30, 16, 28, 44, 63, 36, 31, 32, 45, 59, 41, 47, 42, 48, 33, 34, 37, 50, 39, 13, 52, 61, 51, 46, 53, 56, 62, 58, 57, 54, 64, 172, 60, 70, 55, 81, 65, 78, 43, 29, 84, 66, 68, 73, 3, 69, 67, 74, 20, 72, 79, 76, 77, 88, 97, 179, 87, 21, 22, 71, 82, 86, 90, 94, 91, 83, 111, 89, 27, 481, 95, 93, 113, 38, 116, 177, 129, 96, 282, 106, 110, 112, 134, 119, 100, 102, 395, 92, 133, 75, 127, 105, 383, 130, 49, 244, 114, 115, 121, 248, 136, 109, 85, 226, 146, 185, 326, 474, 98, 149, 126, 256, 99, 124, 132, 368, 191, 140, 135, 147, 259, 101, 137, 148, 150, 155, 345, 108, 143, 251, 156, 394, 142, 212, 219, 204, 442, 459, 160]",-77.2857
-10.028706,1085,3428.454855,42.4466,87.8134,1124.5331,1.0,"[1, 11, 25, 62, 4, 18, 17, 24, 9, 54, 12, 0, 26, 3, 36, 5, 35, 7, 22, 2, 10, 56, 28, 6, 14, 15, 45, 32, 47, 29, 59, 33, 8, 61, 37, 42, 64, 23, 231, 66, 43, 46, 53, 49, 63, 16, 58, 74, 113, 19, 70, 50, 38, 67, 73, 30, 76, 65, 40, 13, 51, 55, 71, 78, 165, 83, 87, 91, 68, 111, 84, 60, 79, 81, 44, 41, 182, 237, 57, 97, 48, 103, 31, 69, 170, 229, 85, 80, 115, 99, 88, 82, 94, 117, 106, 34, 125, 109, 104, 185, 213, 112, 124, 119, 133, 107, 384, 89, 202, 98, 122, 121, 105, 240, 188, 20, 127, 93, 100, 126, 21, 101, 130, 27, 151, 129, 128, 102, 385, 457, 108, 86, 205, 136, 207, 131, 96, 159, 132, 120, 156, 303, 138, 155, 150, 135, 146, 143, 257, 251, 218, 399, 140, 157, 110, 209, 217, 467, 443, 346, 154, 139]",-87.8134
-9.350871,717,3525.839886,42.8241,82.8578,1260.7362,1.0,"[16, 17, 2, 7, 35, 41, 24, 43, 8, 23, 6, 3, 29, 51, 59, 22, 19, 45, 36, 37, 40, 49, 11, 47, 44, 31, 13, 0, 12, 73, 57, 34, 46, 1, 52, 62, 39, 25, 111, 18, 69, 63, 4, 55, 30, 48, 38, 65, 26, 28, 72, 54, 42, 56, 83, 20, 50, 21, 70, 88, 74, 5, 68, 76, 89, 77, 66, 27, 9, 79, 67, 61, 98, 106, 71, 82, 92, 10, 93, 101, 97, 32, 103, 105, 86, 64, 14, 33, 87, 80, 108, 53, 91, 116, 90, 78, 96, 75, 179, 81, 58, 107, 60, 15, 94, 122, 119, 84, 85, 95, 100, 125, 112, 137, 130, 136, 121, 102, 118, 425, 250, 113, 129, 109, 256, 248, 389, 123, 132, 156, 218, 191, 110, 188, 144, 142, 120, 135, 145, 146, 155, 208, 252, 326, 126, 161, 140, 131, 149, 124, 114, 221, 154, 147, 141, 159, 346, 139, 150, 392, 393, 143]",-82.8578
-9.594081,1253,3629.996675,40.5243,80.8838,1127.5561,1.0,"[1, 6, 17, 11, 4, 12, 76, 18, 9, 43, 13, 2, 199, 25, 0, 28, 8, 20, 21, 35, 7, 42, 47, 5, 36, 27, 32, 53, 23, 33, 56, 29, 59, 19, 61, 30, 55, 74, 64, 54, 3, 58, 62, 60, 87, 63, 46, 198, 66, 51, 24, 40, 22, 91, 37, 195, 44, 16, 48, 10, 68, 70, 73, 50, 57, 69, 31, 78, 45, 84, 41, 77, 110, 52, 106, 14, 103, 98, 83, 34, 80, 65, 39, 116, 38, 72, 88, 113, 89, 67, 94, 71, 15, 92, 79, 90, 136, 104, 100, 82, 118, 109, 97, 86, 170, 93, 75, 85, 138, 112, 119, 122, 99, 105, 96, 101, 107, 191, 130, 355, 111, 121, 127, 108, 126, 102, 131, 155, 129, 244, 188, 114, 156, 383, 115, 226, 120, 128, 140, 247, 132, 135, 137, 204, 158, 150, 208, 117, 250, 143, 141, 159, 152, 146, 160, 327, 205, 157, 466, 346, 259, 459]",-80.8838
-9.926616,1004,3730.806054,42.0561,87.4267,1163.5528,1.0,"[47, 175, 7, 0, 25, 163, 5, 23, 169, 29, 10, 87, 51, 2, 97, 14, 1, 24, 15, 8, 40, 49, 113, 37, 44, 11, 3, 36, 48, 19, 105, 18, 4, 98, 17, 16, 57, 56, 42, 101, 9, 61, 54, 26, 173, 46, 108, 129, 22, 72, 12, 210, 41, 35, 63, 6, 132, 66, 67, 31, 77, 69, 71, 38, 28, 74, 32, 122, 55, 50, 86, 64, 33, 73, 13, 34, 224, 39, 53, 81, 94, 83, 80, 78, 91, 96, 112, 130, 92, 20, 21, 59, 84, 100, 103, 90, 104, 75, 52, 85, 110, 135, 425, 68, 58, 88, 102, 27, 120, 115, 106, 89, 118, 170, 217, 93, 116, 156, 60, 107, 137, 191, 109, 226, 119, 121, 127, 123, 326, 197, 128, 144, 124, 134, 241, 140, 208, 204, 205, 209, 386, 136, 346, 442, 125, 146, 145, 250, 150, 138, 149, 147, 154, 65, 251, 221, 360, 157, 126, 368, 362, 370]",-87.4267
-9.306376,895,3832.889775,40.5904,81.9711,1231.8761,1.0,"[1, 6, 3, 24, 4, 77, 29, 22, 9, 12, 0, 13, 49, 17, 11, 20, 21, 7, 45, 175, 5, 37, 46, 227, 27, 32, 98, 35, 33, 51, 2, 18, 165, 25, 42, 23, 56, 59, 16, 28, 10, 101, 52, 47, 26, 50, 8, 68, 43, 36, 41, 40, 63, 62, 260, 14, 65, 108, 54, 74, 70, 48, 55, 73, 19, 75, 95, 76, 85, 80, 83, 69, 103, 57, 88, 79, 15, 99, 106, 230, 92, 94, 82, 31, 126, 177, 113, 87, 72, 89, 64, 93, 67, 97, 61, 53, 109, 91, 86, 78, 100, 190, 116, 58, 118, 111, 96, 84, 102, 129, 34, 60, 104, 191, 112, 127, 107, 119, 105, 39, 115, 71, 155, 144, 130, 245, 143, 146, 188, 117, 140, 128, 81, 125, 208, 120, 124, 123, 150, 137, 490, 133, 149, 135, 136, 152, 386, 138, 394, 156, 209, 355, 110, 259, 158, 142, 433, 161, 346, 145, 160, 139]",-81.9711
-9.736641,1028,3931.282691,42.4577,84.8516,1151.106,1.0,"[6, 1, 0, 17, 13, 11, 5, 3, 20, 21, 4, 16, 12, 22, 10, 18, 2, 27, 7, 14, 9, 35, 15, 24, 25, 26, 8, 28, 29, 30, 38, 23, 36, 47, 53, 41, 55, 51, 58, 32, 19, 45, 76, 37, 33, 64, 49, 57, 42, 56, 60, 59, 54, 50, 43, 448, 61, 52, 40, 225, 46, 63, 74, 44, 68, 62, 77, 66, 84, 88, 94, 69, 70, 48, 81, 89, 65, 216, 72, 67, 165, 172, 119, 100, 97, 93, 75, 71, 112, 34, 86, 102, 83, 91, 106, 111, 116, 39, 105, 79, 85, 96, 122, 136, 196, 104, 99, 170, 92, 130, 82, 245, 87, 123, 181, 98, 109, 137, 256, 128, 475, 103, 125, 127, 140, 257, 101, 134, 144, 209, 115, 129, 117, 110, 108, 132, 124, 148, 156, 126, 396, 131, 146, 133, 150, 114, 142, 149, 226, 152, 143, 135, 191, 159, 197, 207, 158, 212, 393, 154, 161, 221]",-84.8516
-9.175791,1144,4036.582575,37.9547,79.7306,862.0797,1.0,"[6, 1, 0, 17, 4, 11, 37, 5, 9, 13, 24, 12, 10, 2, 63, 18, 14, 15, 35, 16, 51, 8, 20, 21, 26, 42, 7, 28, 32, 33, 45, 27, 29, 47, 19, 59, 53, 57, 41, 69, 25, 23, 76, 3, 58, 64, 60, 172, 46, 30, 22, 78, 52, 97, 55, 201, 213, 49, 36, 43, 31, 65, 54, 34, 62, 56, 177, 73, 88, 70, 84, 39, 68, 77, 79, 40, 86, 83, 94, 233, 38, 82, 74, 240, 44, 93, 61, 98, 48, 66, 106, 96, 87, 104, 119, 105, 120, 92, 90, 100, 91, 121, 220, 103, 111, 67, 113, 95, 108, 242, 109, 112, 115, 136, 81, 102, 117, 130, 127, 282, 303, 125, 137, 75, 133, 321, 124, 354, 85, 185, 144, 134, 142, 385, 129, 145, 110, 99, 355, 150, 191, 126, 152, 114, 219, 156, 491, 146, 131, 143, 218, 398, 140, 135, 204, 345, 467, 139, 394, 154, 221, 212]",-79.7306
-9.742174,782,4138.607206,48.0288,86.3259,1651.8143,1.0,"[0, 30, 11, 25, 5, 16, 3, 10, 54, 2, 17, 18, 22, 14, 15, 6, 1, 35, 41, 36, 12, 26, 38, 29, 56, 8, 4, 28, 50, 7, 66, 67, 88, 46, 43, 9, 13, 49, 19, 76, 37, 62, 59, 51, 68, 20, 61, 42, 63, 31, 21, 55, 71, 32, 47, 57, 34, 23, 73, 24, 77, 81, 69, 39, 70, 33, 27, 75, 89, 323, 177, 116, 91, 97, 40, 93, 83, 44, 87, 106, 53, 72, 85, 94, 45, 48, 58, 252, 110, 103, 105, 60, 90, 92, 112, 111, 86, 117, 95, 100, 52, 118, 124, 99, 80, 102, 64, 96, 114, 119, 137, 109, 78, 123, 98, 130, 84, 142, 129, 113, 104, 121, 125, 127, 156, 65, 107, 140, 139, 101, 209, 144, 108, 120, 148, 250, 136, 151, 386, 155, 150, 146, 128, 138, 152, 355, 153, 158, 149, 134, 394, 204, 79, 160, 490, 459, 126, 259, 135, 131, 369, 361]",-86.3259
-9.108002,1156,4244.095063,38.8169,78.5626,1111.1315,1.0,"[29, 7, 6, 12, 49, 23, 46, 1, 2, 3, 28, 13, 40, 11, 43, 8, 44, 16, 51, 18, 4, 48, 42, 17, 19, 53, 22, 50, 30, 41, 9, 90, 0, 26, 70, 58, 60, 87, 69, 169, 20, 38, 35, 57, 21, 55, 211, 170, 31, 5, 36, 25, 32, 80, 34, 33, 27, 76, 88, 63, 39, 94, 177, 56, 68, 89, 59, 126, 10, 37, 72, 14, 61, 77, 45, 93, 100, 74, 98, 47, 104, 131, 103, 54, 102, 81, 127, 101, 64, 107, 86, 112, 15, 106, 78, 84, 303, 111, 91, 116, 96, 97, 66, 108, 140, 73, 105, 110, 113, 141, 52, 83, 75, 67, 114, 370, 130, 146, 71, 85, 118, 283, 129, 139, 149, 136, 92, 383, 474, 132, 65, 125, 99, 135, 208, 119, 138, 109, 153, 137, 219, 156, 191, 121, 254, 158, 133, 154, 150, 197, 147, 115, 205, 117, 128, 82, 152, 204, 207, 443, 124, 393]",-78.5626
-9.826628,929,4347.009076,45.7051,86.4479,1345.7097,1.0,"[3, 2, 1, 11, 22, 12, 6, 18, 4, 7, 16, 9, 38, 8, 26, 28, 13, 37, 29, 17, 50, 20, 21, 41, 23, 25, 36, 51, 42, 27, 32, 40, 33, 49, 35, 43, 24, 57, 166, 47, 55, 88, 44, 59, 48, 89, 61, 54, 56, 0, 30, 76, 74, 66, 53, 94, 106, 72, 63, 62, 67, 293, 70, 5, 97, 237, 46, 77, 31, 58, 172, 68, 85, 71, 98, 91, 81, 86, 87, 45, 101, 73, 90, 10, 96, 115, 60, 69, 103, 52, 122, 34, 83, 117, 111, 108, 110, 95, 99, 112, 105, 14, 113, 64, 327, 65, 116, 100, 217, 39, 119, 102, 130, 118, 120, 78, 129, 104, 245, 303, 92, 15, 136, 127, 84, 191, 137, 125, 144, 248, 360, 138, 133, 499, 150, 208, 139, 155, 132, 107, 355, 146, 140, 386, 152, 204, 149, 156, 126, 82, 345, 205, 174, 346, 393, 158, 131, 468, 188, 145, 143, 221]",-86.4479
-9.93863,1059,4451.240095,42.0924,86.7151,1201.7677,1.0,"[164, 0, 17, 6, 5, 12, 50, 35, 10, 3, 24, 172, 14, 15, 1, 22, 2, 13, 30, 11, 28, 45, 25, 16, 20, 59, 21, 8, 7, 36, 18, 104, 52, 27, 4, 63, 46, 53, 37, 29, 41, 58, 26, 9, 107, 68, 43, 55, 38, 60, 88, 51, 61, 62, 19, 165, 89, 23, 56, 76, 93, 73, 47, 69, 64, 54, 57, 70, 32, 170, 49, 83, 77, 65, 113, 225, 283, 40, 84, 81, 74, 87, 97, 66, 92, 31, 79, 72, 112, 33, 130, 126, 44, 111, 105, 94, 48, 34, 129, 106, 86, 91, 103, 39, 100, 82, 102, 122, 98, 67, 109, 118, 116, 125, 101, 96, 119, 250, 127, 123, 132, 137, 121, 71, 144, 108, 135, 190, 136, 110, 142, 474, 138, 150, 207, 151, 114, 208, 140, 143, 128, 155, 115, 141, 152, 219, 75, 139, 257, 346, 146, 156, 85, 326, 157, 327, 442, 467, 204, 160, 99, 259]",-86.7151
-9.89188,1001,4544.885189,43.6553,86.8607,1287.5026,1.0,"[0, 37, 36, 12, 5, 11, 1, 16, 10, 7, 4, 28, 14, 15, 2, 43, 9, 6, 8, 70, 23, 18, 53, 42, 30, 58, 50, 17, 60, 26, 13, 41, 19, 24, 25, 40, 32, 46, 3, 68, 33, 61, 29, 44, 51, 20, 21, 48, 22, 76, 35, 56, 73, 69, 77, 64, 59, 106, 55, 47, 116, 57, 62, 336, 31, 83, 45, 112, 63, 34, 72, 81, 54, 364, 146, 111, 39, 80, 74, 87, 52, 92, 88, 86, 149, 109, 38, 113, 66, 94, 154, 95, 67, 97, 140, 49, 91, 89, 78, 71, 110, 100, 177, 171, 93, 102, 75, 84, 249, 141, 65, 105, 129, 423, 123, 217, 132, 98, 120, 153, 118, 104, 130, 125, 101, 136, 383, 135, 133, 127, 181, 137, 226, 79, 99, 252, 354, 150, 142, 134, 108, 355, 151, 385, 156, 253, 126, 219, 392, 145, 119, 327, 131, 394, 143, 155, 245, 442, 362, 321, 160, 161]",-86.8607
-8.878304,929,4645.495935,39.5387,77.9234,996.8612,1.0,"[16, 1, 36, 25, 4, 41, 2, 7, 9, 46, 54, 8, 12, 61, 24, 43, 88, 23, 0, 3, 28, 19, 66, 165, 89, 6, 17, 40, 45, 11, 67, 51, 93, 5, 42, 47, 22, 32, 35, 62, 56, 53, 33, 44, 18, 76, 37, 13, 29, 59, 95, 63, 57, 87, 48, 31, 50, 30, 52, 80, 77, 55, 34, 73, 20, 70, 65, 69, 74, 10, 106, 26, 71, 179, 39, 21, 38, 72, 49, 58, 181, 236, 60, 83, 111, 112, 79, 126, 14, 122, 15, 91, 395, 116, 81, 27, 75, 68, 92, 86, 109, 100, 82, 131, 127, 136, 102, 113, 123, 85, 96, 97, 138, 98, 118, 110, 99, 130, 125, 119, 188, 121, 128, 146, 120, 133, 105, 140, 466, 220, 151, 129, 143, 114, 137, 64, 108, 147, 154, 132, 209, 78, 144, 266, 148, 115, 142, 153, 156, 139, 155, 135, 326, 442, 159, 459, 399, 150, 251, 160, 255, 157]",-77.9234
-9.754307,932,4738.833209,45.2324,85.1166,1574.3214,1.0,"[17, 2, 30, 35, 0, 8, 3, 24, 5, 68, 7, 6, 10, 19, 22, 37, 16, 45, 25, 11, 41, 14, 1, 15, 29, 31, 59, 23, 34, 43, 18, 46, 47, 36, 4, 40, 52, 49, 164, 165, 50, 39, 44, 26, 12, 48, 76, 9, 38, 88, 13, 61, 51, 62, 89, 177, 56, 55, 93, 54, 28, 63, 182, 95, 119, 70, 69, 32, 66, 113, 57, 347, 81, 33, 20, 67, 65, 21, 97, 73, 74, 98, 116, 27, 80, 101, 111, 71, 94, 79, 72, 103, 83, 53, 125, 58, 86, 258, 64, 112, 121, 82, 92, 100, 127, 87, 108, 105, 144, 96, 126, 102, 78, 109, 91, 75, 85, 118, 104, 130, 133, 136, 110, 84, 138, 208, 129, 219, 128, 114, 137, 156, 131, 147, 107, 491, 191, 150, 135, 158, 369, 115, 117, 140, 142, 207, 197, 141, 123, 146, 99, 188, 434, 152, 327, 149, 160, 153, 161, 157, 259, 475]",-85.1166
-9.593904,1075,4833.415883,41.3313,82.4303,1208.3696,1.0,"[16, 3, 11, 1, 41, 22, 6, 25, 4, 42, 12, 18, 9, 38, 0, 13, 7, 26, 2, 47, 28, 206, 20, 24, 173, 8, 21, 172, 29, 30, 88, 32, 33, 23, 46, 37, 19, 27, 49, 55, 43, 104, 53, 89, 45, 50, 56, 62, 63, 74, 107, 58, 52, 54, 60, 36, 73, 77, 10, 69, 17, 68, 83, 14, 87, 51, 40, 70, 91, 65, 122, 61, 15, 66, 98, 79, 44, 81, 35, 112, 48, 165, 31, 93, 106, 101, 116, 110, 127, 114, 82, 59, 57, 113, 95, 103, 119, 34, 108, 229, 64, 130, 188, 94, 126, 67, 265, 97, 72, 84, 111, 396, 115, 39, 100, 117, 129, 102, 86, 105, 125, 71, 121, 75, 226, 132, 123, 131, 96, 135, 109, 140, 85, 137, 369, 191, 136, 141, 124, 128, 144, 482, 142, 354, 146, 398, 425, 207, 208, 150, 153, 149, 399, 120, 156, 152, 158, 154, 257, 386, 160, 393]",-82.4303
-9.535576,923,4930.821555,41.6721,83.1478,1268.3177,1.0,"[11, 3, 0, 12, 22, 18, 6, 1, 26, 16, 5, 7, 13, 46, 25, 10, 38, 28, 42, 37, 4, 14, 24, 17, 20, 15, 9, 21, 41, 54, 36, 56, 27, 62, 63, 53, 66, 23, 2, 47, 67, 71, 29, 74, 30, 61, 32, 58, 35, 69, 88, 51, 33, 55, 70, 49, 59, 89, 45, 8, 76, 43, 64, 73, 91, 77, 50, 93, 113, 98, 60, 57, 103, 81, 78, 84, 106, 75, 19, 85, 87, 68, 111, 116, 125, 99, 101, 97, 72, 40, 83, 112, 115, 122, 165, 44, 31, 105, 52, 48, 108, 110, 253, 80, 246, 114, 383, 95, 104, 34, 124, 130, 94, 127, 118, 107, 136, 139, 133, 385, 146, 100, 188, 92, 140, 102, 126, 129, 96, 138, 109, 156, 39, 132, 65, 131, 209, 219, 158, 150, 120, 123, 152, 355, 149, 153, 137, 79, 119, 143, 121, 135, 393, 458, 468, 248, 151, 221, 197, 82, 459, 399]",-83.1478
-10.23404,1052,5034.479764,45.944,87.6958,1538.6105,1.0,"[17, 11, 37, 24, 18, 35, 25, 36, 26, 7, 2, 45, 59, 61, 77, 0, 8, 3, 6, 54, 5, 47, 55, 111, 22, 51, 29, 52, 23, 12, 50, 49, 10, 125, 66, 56, 46, 13, 38, 14, 70, 28, 16, 65, 74, 19, 30, 15, 42, 64, 67, 73, 43, 62, 90, 1, 69, 57, 71, 83, 41, 63, 40, 68, 76, 78, 20, 21, 116, 95, 91, 4, 88, 84, 94, 44, 97, 79, 177, 27, 115, 81, 117, 233, 53, 103, 48, 113, 133, 9, 275, 119, 87, 92, 338, 82, 127, 75, 105, 85, 60, 80, 99, 93, 31, 121, 384, 72, 109, 106, 129, 124, 178, 179, 130, 98, 118, 33, 126, 128, 34, 100, 102, 136, 191, 39, 110, 131, 140, 114, 137, 101, 143, 150, 132, 256, 139, 123, 146, 156, 141, 155, 174, 108, 142, 158, 399, 147, 385, 466, 86, 207, 251, 153, 282, 96, 443, 154, 393, 475, 159, 134]",-87.6958
-9.441503,1081,5131.457479,43.6531,80.8163,1140.7056,1.0,"[7, 69, 1, 2, 23, 3, 16, 8, 40, 25, 6, 4, 41, 44, 17, 36, 19, 48, 9, 22, 56, 42, 13, 37, 0, 31, 61, 12, 35, 46, 34, 38, 20, 74, 70, 24, 21, 5, 32, 39, 33, 54, 88, 51, 55, 27, 43, 11, 28, 66, 10, 91, 57, 89, 45, 30, 62, 81, 14, 63, 29, 73, 90, 47, 182, 15, 75, 67, 110, 52, 50, 18, 53, 71, 68, 59, 76, 58, 87, 26, 65, 80, 72, 83, 93, 49, 60, 97, 119, 79, 86, 95, 94, 82, 171, 92, 111, 105, 100, 247, 116, 102, 177, 133, 106, 249, 104, 98, 112, 120, 118, 113, 217, 123, 107, 115, 129, 117, 127, 109, 85, 151, 64, 124, 132, 121, 130, 126, 188, 128, 139, 101, 136, 146, 78, 108, 156, 99, 135, 354, 131, 137, 140, 158, 84, 149, 141, 383, 147, 150, 154, 205, 153, 197, 145, 251, 143, 160, 157, 148, 219, 204]",-80.8163
-9.354879,928,5234.419374,44.0523,82.0941,1274.9846,1.0,"[12, 2, 1, 6, 8, 25, 29, 4, 28, 47, 16, 9, 19, 13, 3, 62, 49, 53, 30, 0, 22, 97, 7, 24, 41, 77, 42, 31, 32, 113, 38, 58, 37, 50, 33, 60, 5, 17, 46, 20, 21, 45, 70, 36, 34, 88, 215, 39, 27, 51, 11, 89, 105, 23, 52, 63, 55, 10, 73, 43, 14, 76, 40, 90, 93, 83, 69, 18, 54, 44, 98, 61, 57, 170, 15, 66, 48, 80, 75, 26, 56, 65, 87, 101, 74, 35, 92, 79, 64, 72, 94, 423, 59, 67, 122, 82, 100, 137, 116, 71, 102, 78, 144, 91, 123, 112, 106, 81, 84, 111, 126, 108, 148, 103, 130, 125, 119, 104, 99, 159, 118, 109, 142, 86, 250, 121, 156, 207, 128, 107, 131, 389, 136, 96, 143, 110, 191, 114, 252, 120, 354, 146, 188, 129, 253, 140, 155, 139, 141, 257, 149, 442, 150, 132, 161, 154, 152, 135, 212, 255, 160, 157]",-82.0941
-9.412775,1007,5326.427568,43.296,81.9404,1301.8791,1.0,"[11, 1, 42, 3, 4, 18, 2, 12, 22, 9, 24, 37, 0, 28, 26, 7, 45, 8, 16, 51, 38, 5, 6, 52, 53, 32, 23, 25, 33, 58, 29, 63, 57, 64, 41, 69, 13, 43, 76, 19, 47, 65, 73, 62, 80, 78, 70, 10, 55, 395, 30, 49, 79, 36, 258, 122, 17, 72, 14, 83, 50, 75, 56, 87, 15, 46, 54, 77, 74, 40, 68, 44, 84, 88, 94, 82, 229, 90, 86, 31, 66, 91, 34, 61, 97, 20, 89, 95, 109, 179, 21, 67, 113, 98, 93, 100, 112, 101, 48, 35, 115, 107, 85, 144, 127, 96, 105, 39, 27, 130, 120, 117, 102, 119, 106, 116, 148, 108, 134, 59, 156, 121, 244, 146, 129, 158, 128, 99, 136, 81, 124, 137, 132, 149, 386, 396, 160, 140, 138, 378, 111, 142, 135, 141, 126, 259, 191, 368, 147, 197, 125, 150, 110, 145, 433, 251, 212, 133, 399, 157, 370, 434]",-81.9404
-10.046686,969,5422.847239,47.6398,87.5276,1617.4138,1.0,"[29, 12, 11, 49, 3, 6, 1, 22, 98, 28, 62, 25, 4, 36, 17, 18, 9, 0, 7, 13, 16, 37, 38, 53, 26, 61, 42, 56, 35, 2, 47, 58, 32, 5, 46, 70, 8, 23, 33, 20, 55, 30, 21, 10, 59, 41, 24, 14, 63, 113, 27, 19, 15, 74, 40, 50, 43, 73, 182, 68, 51, 101, 60, 69, 81, 83, 75, 94, 45, 76, 44, 48, 87, 31, 90, 91, 88, 95, 80, 92, 89, 57, 97, 64, 52, 34, 112, 93, 100, 104, 106, 103, 102, 85, 110, 72, 105, 39, 111, 54, 107, 109, 116, 78, 303, 177, 66, 65, 67, 119, 125, 188, 118, 130, 108, 121, 114, 84, 127, 136, 86, 156, 96, 79, 71, 82, 129, 133, 137, 99, 132, 158, 120, 384, 226, 138, 174, 252, 117, 191, 150, 148, 126, 160, 128, 147, 142, 146, 140, 124, 368, 159, 251, 345, 155, 207, 143, 467, 346, 393, 161, 468]",-87.5276
-9.528278,1104,5524.380552,40.4805,82.7786,1179.752,1.0,"[11, 1, 0, 12, 18, 4, 2, 30, 26, 9, 29, 28, 7, 8, 68, 62, 3, 5, 24, 25, 19, 23, 22, 6, 427, 32, 64, 49, 180, 16, 37, 45, 46, 56, 196, 38, 69, 47, 10, 52, 13, 42, 14, 43, 41, 50, 74, 17, 65, 54, 53, 55, 63, 78, 15, 84, 61, 77, 76, 66, 58, 97, 91, 70, 31, 87, 60, 51, 216, 34, 79, 20, 105, 40, 35, 57, 21, 67, 83, 39, 80, 71, 75, 82, 116, 115, 81, 44, 90, 27, 88, 103, 104, 95, 106, 107, 72, 48, 89, 85, 110, 112, 119, 134, 59, 130, 114, 98, 94, 177, 86, 253, 238, 99, 226, 144, 229, 220, 118, 121, 109, 136, 108, 126, 127, 100, 96, 131, 148, 248, 111, 137, 327, 191, 219, 138, 481, 129, 133, 120, 132, 150, 146, 197, 370, 458, 102, 135, 149, 140, 257, 152, 141, 156, 161, 207, 158, 394, 123, 468, 160, 153]",-82.7786
-9.587822,990,5623.640265,42.0898,84.2366,1289.0756,1.0,"[37, 6, 25, 11, 13, 1, 36, 18, 20, 7, 42, 54, 21, 199, 61, 17, 16, 27, 3, 0, 4, 172, 56, 24, 22, 64, 51, 2, 9, 23, 5, 12, 29, 74, 47, 62, 40, 38, 45, 41, 66, 30, 50, 78, 10, 32, 70, 46, 35, 8, 73, 67, 33, 43, 76, 91, 97, 59, 28, 55, 75, 14, 57, 15, 68, 19, 49, 88, 84, 83, 85, 90, 77, 241, 69, 105, 347, 53, 52, 63, 113, 44, 89, 116, 48, 71, 93, 179, 122, 115, 31, 87, 81, 92, 72, 99, 107, 65, 95, 130, 58, 103, 188, 98, 117, 125, 133, 34, 127, 112, 109, 60, 86, 144, 236, 79, 118, 124, 101, 136, 450, 100, 82, 108, 110, 148, 140, 129, 249, 138, 120, 146, 150, 132, 392, 137, 114, 156, 386, 257, 135, 149, 102, 142, 226, 119, 151, 141, 207, 121, 468, 218, 123, 126, 131, 398, 370, 153, 394, 321, 160, 161]",-84.2366
-10.062242,882,5716.347986,44.2369,88.4442,1170.9423,1.0,"[6, 12, 11, 3, 13, 28, 2, 1, 22, 20, 21, 50, 25, 4, 18, 0, 164, 27, 26, 9, 53, 8, 55, 17, 38, 106, 5, 58, 24, 37, 16, 43, 54, 19, 10, 224, 73, 189, 56, 60, 14, 32, 66, 35, 33, 46, 7, 41, 234, 69, 15, 30, 83, 64, 74, 59, 23, 29, 63, 87, 75, 36, 70, 90, 52, 62, 57, 49, 88, 71, 47, 85, 68, 76, 65, 89, 116, 77, 40, 91, 78, 80, 31, 84, 61, 92, 79, 97, 82, 146, 93, 94, 72, 81, 34, 98, 113, 109, 100, 44, 103, 39, 104, 111, 102, 181, 170, 122, 112, 105, 101, 136, 99, 86, 48, 130, 138, 123, 129, 481, 185, 134, 96, 132, 108, 119, 174, 110, 121, 383, 149, 114, 156, 127, 137, 259, 208, 140, 120, 141, 218, 150, 126, 133, 205, 139, 152, 191, 190, 115, 346, 459, 155, 159, 117, 143, 128, 394, 147, 124, 221, 161]",-88.4442
-9.400555,1052,5819.032867,42.0003,81.5191,1314.2431,1.0,"[42, 3, 24, 17, 22, 46, 1, 35, 11, 7, 38, 36, 45, 12, 18, 0, 47, 75, 26, 29, 4, 25, 28, 2, 43, 9, 165, 23, 6, 63, 52, 59, 5, 16, 30, 64, 54, 62, 37, 49, 8, 50, 77, 32, 10, 85, 97, 69, 87, 51, 33, 19, 55, 56, 65, 40, 13, 73, 70, 14, 76, 225, 74, 15, 95, 68, 44, 41, 83, 53, 91, 79, 57, 80, 99, 82, 92, 31, 112, 66, 106, 88, 48, 58, 61, 84, 72, 104, 107, 67, 20, 122, 60, 103, 81, 115, 89, 140, 34, 94, 113, 109, 86, 21, 202, 93, 117, 98, 130, 105, 100, 124, 249, 220, 134, 383, 126, 111, 337, 240, 71, 137, 474, 148, 388, 119, 131, 125, 209, 121, 219, 156, 102, 143, 142, 108, 110, 136, 118, 158, 248, 433, 129, 207, 139, 146, 138, 191, 491, 123, 250, 212, 150, 221, 155, 467, 152, 394, 174, 154, 257, 161]",-81.5191
-9.754898,1071,5915.91678,45.1484,85.1895,1477.693,1.0,"[11, 17, 6, 7, 35, 18, 16, 1, 26, 59, 2, 56, 23, 41, 36, 8, 3, 40, 4, 0, 25, 29, 30, 5, 44, 19, 9, 22, 13, 48, 42, 12, 64, 46, 61, 43, 198, 62, 37, 38, 10, 28, 24, 63, 14, 32, 15, 68, 74, 50, 51, 20, 21, 73, 55, 70, 31, 78, 45, 27, 76, 33, 47, 91, 57, 81, 87, 83, 69, 77, 54, 34, 98, 39, 103, 72, 80, 231, 53, 84, 94, 66, 101, 97, 108, 67, 88, 86, 116, 90, 100, 58, 105, 112, 60, 111, 89, 106, 92, 95, 104, 93, 102, 196, 109, 65, 107, 96, 185, 122, 115, 71, 79, 117, 75, 85, 119, 82, 110, 244, 121, 124, 129, 128, 125, 127, 151, 120, 217, 457, 132, 383, 133, 135, 126, 130, 205, 140, 146, 131, 99, 209, 188, 136, 197, 207, 139, 204, 150, 143, 251, 256, 149, 153, 147, 394, 156, 148, 259, 219, 218, 443]",-85.1895
-9.1586,828,6013.780274,39.3416,80.6399,941.1175,1.0,"[1, 0, 25, 2, 4, 5, 3, 6, 8, 9, 10, 7, 24, 13, 14, 15, 12, 29, 19, 20, 22, 30, 11, 28, 23, 17, 36, 21, 18, 32, 45, 47, 16, 40, 27, 38, 33, 56, 42, 61, 35, 52, 31, 37, 46, 26, 34, 43, 62, 202, 41, 54, 51, 50, 44, 53, 59, 74, 70, 69, 73, 66, 68, 77, 55, 48, 63, 76, 234, 83, 241, 88, 49, 90, 57, 71, 58, 91, 81, 60, 112, 80, 92, 89, 64, 125, 78, 65, 72, 109, 452, 98, 75, 93, 85, 87, 220, 106, 84, 170, 252, 104, 122, 105, 79, 94, 133, 82, 117, 119, 86, 130, 100, 116, 99, 102, 136, 124, 127, 171, 244, 181, 108, 129, 132, 126, 113, 134, 135, 138, 383, 150, 185, 320, 249, 147, 110, 248, 457, 190, 392, 142, 146, 145, 191, 394, 114, 156, 120, 208, 149, 219, 140, 442, 141, 369, 155, 154, 139, 160, 161, 346]",-80.6399
-9.161793,1017,6118.429015,42.313,79.1036,1192.6119,1.0,"[1, 11, 3, 16, 4, 18, 7, 6, 9, 22, 26, 25, 24, 13, 41, 47, 0, 20, 38, 12, 2, 23, 5, 21, 30, 29, 8, 32, 27, 10, 33, 54, 43, 62, 28, 14, 15, 17, 50, 88, 19, 68, 356, 89, 63, 36, 66, 40, 77, 69, 67, 106, 93, 49, 56, 46, 51, 55, 52, 74, 53, 71, 35, 103, 37, 76, 44, 42, 70, 48, 97, 87, 57, 31, 91, 58, 59, 80, 61, 60, 34, 98, 65, 39, 72, 94, 90, 64, 81, 95, 73, 78, 79, 84, 86, 100, 113, 112, 82, 252, 102, 101, 83, 117, 118, 116, 108, 75, 104, 327, 85, 130, 96, 92, 111, 105, 126, 122, 99, 475, 123, 144, 125, 109, 127, 385, 110, 131, 140, 107, 136, 137, 114, 482, 156, 209, 346, 138, 191, 142, 283, 129, 146, 158, 491, 143, 219, 145, 150, 466, 147, 155, 226, 119, 152, 492, 160, 468, 121, 393, 399, 321]",-79.1036
-9.637631,1069,6218.507416,43.8577,83.2468,1189.7006,1.0,"[1, 0, 7, 2, 5, 4, 3, 16, 8, 9, 10, 23, 37, 11, 41, 56, 6, 14, 15, 19, 22, 40, 25, 62, 13, 18, 70, 50, 44, 31, 26, 32, 54, 12, 42, 48, 73, 38, 33, 74, 34, 30, 29, 20, 21, 39, 66, 106, 17, 46, 28, 27, 47, 24, 91, 83, 64, 80, 63, 55, 49, 51, 69, 67, 35, 88, 57, 43, 76, 116, 89, 36, 68, 94, 59, 93, 75, 77, 90, 71, 53, 87, 58, 60, 97, 85, 112, 136, 104, 72, 45, 78, 100, 107, 115, 61, 84, 98, 92, 117, 95, 102, 86, 103, 101, 119, 122, 108, 81, 99, 96, 130, 111, 231, 146, 188, 121, 120, 113, 129, 354, 243, 124, 127, 466, 156, 118, 132, 383, 110, 135, 140, 455, 218, 125, 217, 244, 65, 257, 248, 150, 209, 208, 468, 160, 457, 79, 152, 151, 434, 386, 205, 126, 393, 131, 398, 207, 212, 362, 399, 370, 133]",-83.2468
-9.318071,918,6313.152578,41.9025,81.1826,1115.8368,1.0,"[1, 0, 12, 2, 4, 5, 25, 16, 8, 10, 9, 7, 28, 6, 14, 15, 3, 29, 13, 19, 41, 17, 36, 20, 30, 42, 54, 21, 32, 22, 33, 49, 31, 37, 24, 34, 47, 23, 46, 27, 39, 61, 51, 50, 35, 53, 38, 63, 55, 356, 58, 43, 57, 11, 60, 68, 70, 62, 40, 73, 69, 52, 56, 395, 80, 44, 76, 81, 18, 98, 65, 106, 72, 48, 94, 74, 77, 66, 79, 90, 59, 101, 88, 112, 82, 214, 104, 67, 100, 97, 177, 108, 71, 107, 116, 185, 119, 113, 86, 75, 233, 134, 262, 87, 102, 83, 95, 130, 111, 123, 127, 85, 115, 96, 93, 140, 99, 105, 92, 125, 117, 146, 121, 141, 150, 120, 133, 124, 126, 64, 466, 251, 109, 137, 368, 191, 78, 128, 129, 197, 212, 136, 138, 144, 154, 110, 490, 143, 148, 257, 156, 433, 266, 142, 158, 161, 135, 393, 443, 219, 145, 139]",-81.1826
-9.841226,923,6411.240567,42.8991,84.9199,1201.4866,1.0,"[1, 11, 7, 4, 2, 18, 3, 16, 8, 9, 26, 23, 25, 24, 17, 6, 19, 40, 41, 45, 22, 37, 0, 30, 29, 31, 32, 5, 54, 33, 12, 44, 50, 38, 52, 48, 43, 55, 66, 49, 34, 35, 64, 47, 46, 39, 51, 76, 165, 28, 68, 56, 62, 65, 67, 10, 59, 63, 69, 225, 94, 71, 106, 74, 70, 42, 88, 14, 36, 73, 79, 13, 15, 77, 82, 177, 84, 53, 100, 61, 80, 89, 95, 102, 58, 91, 223, 87, 57, 97, 111, 125, 81, 93, 103, 60, 72, 98, 237, 113, 112, 85, 130, 123, 115, 20, 92, 116, 105, 21, 99, 101, 117, 27, 126, 109, 136, 108, 118, 86, 119, 127, 179, 133, 121, 368, 144, 107, 129, 134, 110, 191, 96, 114, 140, 321, 197, 124, 156, 137, 204, 132, 135, 143, 141, 150, 208, 218, 146, 434, 475, 138, 212, 152, 159, 149, 160, 147, 205, 207, 393, 468]",-84.9199
-9.561813,1245,6514.720247,40.1382,80.4351,1062.8877,1.0,"[17, 2, 1, 6, 8, 35, 3, 16, 25, 11, 4, 41, 22, 19, 56, 29, 9, 7, 62, 59, 88, 13, 18, 43, 0, 31, 30, 42, 23, 49, 89, 34, 26, 74, 37, 24, 39, 20, 21, 77, 46, 38, 54, 5, 40, 47, 36, 27, 44, 32, 70, 69, 45, 87, 48, 33, 63, 50, 111, 52, 66, 51, 203, 68, 61, 237, 125, 55, 85, 10, 76, 97, 73, 65, 81, 67, 91, 80, 28, 71, 64, 93, 79, 90, 103, 98, 14, 99, 110, 82, 15, 119, 130, 94, 104, 78, 53, 84, 95, 181, 101, 122, 118, 116, 114, 58, 100, 133, 115, 113, 112, 156, 102, 139, 117, 60, 127, 57, 83, 105, 106, 146, 245, 244, 188, 108, 144, 471, 218, 151, 466, 124, 150, 126, 154, 221, 321, 229, 152, 140, 368, 86, 141, 136, 109, 394, 208, 155, 369, 212, 399, 457, 249, 354, 159, 147, 129, 458, 132, 207, 474, 174]",-80.4351
-9.432829,860,6606.652092,43.2554,82.8766,1201.9081,1.0,"[1, 2, 3, 4, 11, 8, 7, 6, 18, 9, 25, 0, 13, 26, 19, 22, 12, 16, 5, 23, 17, 76, 20, 21, 28, 30, 36, 38, 32, 10, 27, 33, 54, 56, 46, 14, 15, 41, 43, 29, 31, 66, 122, 34, 37, 42, 40, 61, 47, 50, 44, 39, 68, 77, 69, 74, 49, 51, 127, 62, 48, 75, 90, 70, 24, 81, 67, 53, 73, 63, 55, 85, 35, 242, 95, 110, 83, 91, 103, 88, 57, 58, 97, 59, 99, 60, 89, 87, 92, 113, 64, 114, 94, 78, 98, 109, 106, 126, 105, 93, 172, 100, 45, 101, 102, 129, 115, 116, 396, 52, 84, 130, 434, 150, 104, 117, 112, 123, 107, 72, 191, 119, 152, 65, 108, 132, 136, 174, 121, 138, 111, 134, 137, 255, 125, 254, 131, 140, 82, 143, 144, 128, 141, 155, 156, 142, 399, 257, 86, 158, 208, 96, 207, 386, 146, 153, 160, 467, 120, 394, 133, 468]",-82.8766
-10.008563,1113,6712.392292,46.046,86.3502,1446.0633,1.0,"[0, 25, 50, 1, 5, 6, 7, 4, 10, 11, 17, 14, 9, 15, 24, 30, 54, 18, 2, 3, 26, 23, 16, 37, 162, 22, 42, 43, 40, 19, 68, 32, 41, 29, 12, 44, 33, 69, 63, 45, 28, 38, 48, 62, 64, 47, 55, 66, 13, 56, 49, 46, 67, 31, 70, 74, 36, 80, 87, 51, 71, 34, 52, 76, 53, 35, 94, 395, 39, 78, 65, 97, 61, 100, 91, 20, 77, 84, 57, 88, 59, 301, 90, 116, 21, 123, 95, 27, 216, 112, 104, 58, 98, 79, 72, 177, 101, 81, 60, 89, 106, 83, 237, 111, 107, 108, 85, 113, 86, 82, 99, 125, 127, 119, 118, 93, 140, 92, 126, 96, 136, 109, 144, 133, 138, 115, 209, 121, 248, 130, 129, 134, 131, 105, 151, 117, 147, 150, 148, 124, 132, 152, 369, 110, 155, 135, 120, 217, 156, 146, 159, 218, 399, 137, 212, 393, 149, 226, 205, 221, 207, 259]",-86.3502
-8.660104,956,6806.986059,38.848,75.7175,989.1066,1.0,"[2, 7, 0, 8, 3, 23, 6, 25, 5, 24, 30, 13, 10, 19, 22, 36, 1, 14, 15, 16, 47, 40, 68, 29, 168, 41, 20, 44, 21, 38, 11, 56, 54, 31, 48, 42, 37, 18, 34, 74, 46, 43, 4, 55, 12, 39, 49, 27, 9, 66, 76, 17, 45, 26, 67, 88, 62, 63, 61, 71, 91, 89, 50, 51, 80, 28, 70, 98, 90, 57, 32, 52, 93, 87, 64, 33, 237, 77, 95, 35, 85, 53, 73, 59, 106, 72, 101, 65, 116, 83, 58, 97, 119, 99, 94, 60, 79, 78, 81, 115, 113, 117, 92, 82, 100, 103, 84, 108, 111, 86, 121, 122, 102, 129, 112, 499, 96, 125, 105, 130, 127, 132, 303, 140, 133, 104, 383, 209, 248, 110, 114, 174, 457, 118, 282, 124, 146, 474, 212, 136, 385, 142, 226, 151, 138, 134, 156, 207, 197, 149, 159, 126, 161, 150, 355, 190, 442, 370, 443, 259, 152, 393]",-75.7175
-9.747102,938,6904.515931,44.3848,84.9708,1413.5638,1.0,"[3, 6, 70, 22, 2, 13, 1, 11, 20, 47, 24, 21, 4, 18, 8, 7, 38, 16, 27, 9, 26, 17, 0, 45, 116, 25, 42, 19, 23, 43, 29, 41, 12, 36, 75, 32, 54, 30, 33, 5, 55, 52, 51, 46, 31, 35, 37, 28, 62, 57, 63, 10, 34, 65, 50, 66, 59, 68, 61, 39, 168, 76, 40, 56, 90, 85, 79, 49, 72, 74, 99, 53, 73, 81, 82, 44, 80, 77, 86, 83, 94, 111, 48, 91, 97, 67, 95, 87, 96, 71, 58, 64, 130, 100, 105, 102, 115, 258, 117, 113, 14, 88, 15, 103, 104, 177, 78, 106, 89, 129, 123, 84, 112, 92, 110, 132, 127, 124, 98, 93, 135, 118, 107, 101, 146, 119, 109, 191, 125, 108, 149, 136, 137, 114, 155, 134, 150, 138, 152, 468, 133, 126, 355, 140, 121, 190, 458, 161, 156, 384, 145, 226, 141, 321, 394, 385, 158, 212, 474, 219, 370, 443]",-84.9708
-9.212158,1106,7008.10417,42.2359,79.6248,1232.8552,1.0,"[12, 0, 3, 28, 11, 1, 36, 22, 53, 5, 7, 2, 4, 17, 46, 9, 58, 38, 18, 63, 23, 42, 8, 10, 60, 25, 29, 26, 14, 61, 35, 284, 24, 15, 40, 19, 47, 50, 44, 32, 48, 103, 33, 54, 30, 6, 81, 31, 43, 62, 41, 80, 70, 51, 66, 64, 34, 55, 104, 49, 90, 59, 77, 76, 57, 69, 39, 87, 45, 88, 67, 37, 56, 94, 72, 13, 78, 89, 107, 110, 177, 118, 98, 71, 73, 93, 95, 113, 74, 52, 84, 83, 111, 215, 130, 101, 65, 108, 116, 114, 97, 20, 91, 100, 105, 92, 112, 109, 86, 144, 21, 106, 96, 360, 75, 27, 134, 362, 119, 226, 102, 126, 120, 85, 247, 137, 136, 148, 121, 388, 123, 140, 386, 368, 133, 138, 156, 151, 218, 129, 142, 141, 99, 128, 207, 115, 132, 150, 143, 346, 257, 155, 152, 146, 157, 135, 466, 117, 443, 204, 468, 255]",-79.6248
-9.471298,1172,7109.580382,40.6302,82.7514,1178.4474,1.0,"[1, 0, 30, 4, 46, 5, 43, 2, 9, 10, 90, 7, 11, 8, 14, 15, 3, 50, 18, 68, 12, 36, 95, 19, 22, 37, 62, 28, 119, 32, 23, 121, 51, 16, 33, 61, 17, 6, 38, 31, 57, 113, 26, 47, 76, 128, 34, 126, 41, 25, 29, 40, 13, 56, 167, 39, 44, 177, 49, 294, 72, 42, 81, 106, 48, 53, 70, 24, 131, 87, 77, 69, 74, 54, 86, 58, 60, 20, 94, 21, 35, 88, 66, 91, 73, 370, 45, 110, 59, 100, 98, 89, 172, 27, 93, 97, 64, 114, 223, 96, 101, 52, 112, 78, 475, 102, 105, 139, 103, 136, 108, 67, 127, 65, 92, 140, 116, 71, 144, 256, 118, 109, 235, 129, 130, 104, 132, 181, 135, 75, 134, 146, 79, 123, 111, 147, 82, 149, 137, 148, 252, 85, 141, 159, 150, 154, 117, 151, 152, 99, 156, 205, 124, 153, 247, 197, 207, 157, 158, 133, 443, 399]",-82.7514
-9.686636,741,7204.619512,43.8948,86.3424,1041.5381,1.0,"[3, 2, 12, 36, 8, 1, 11, 28, 7, 16, 4, 19, 53, 22, 18, 70, 0, 9, 25, 23, 29, 41, 26, 37, 62, 31, 58, 30, 46, 49, 40, 47, 113, 6, 38, 60, 34, 43, 24, 32, 33, 88, 5, 39, 54, 17, 55, 44, 51, 50, 66, 89, 48, 61, 13, 56, 57, 42, 64, 63, 76, 67, 94, 45, 81, 69, 165, 10, 97, 72, 20, 87, 110, 74, 80, 71, 21, 14, 77, 75, 15, 103, 52, 86, 27, 106, 95, 98, 100, 114, 85, 116, 68, 99, 129, 93, 118, 91, 101, 491, 112, 102, 144, 35, 104, 139, 78, 232, 107, 73, 96, 122, 123, 65, 119, 105, 134, 191, 208, 475, 130, 389, 136, 174, 83, 115, 121, 219, 79, 140, 155, 84, 59, 128, 253, 82, 126, 156, 138, 209, 255, 137, 399, 212, 92, 158, 150, 257, 499, 368, 142, 443, 251, 241, 370, 394, 145, 247, 146, 133, 467, 259]",-86.3424
-9.528177,1155,7307.068756,41.4211,82.5116,1096.3164,1.0,"[11, 12, 16, 1, 18, 6, 7, 4, 28, 2, 3, 26, 9, 24, 43, 13, 8, 41, 53, 0, 30, 23, 36, 51, 22, 5, 19, 58, 29, 17, 60, 32, 20, 33, 45, 21, 50, 25, 61, 88, 46, 63, 38, 57, 89, 35, 55, 37, 27, 52, 40, 49, 62, 47, 44, 68, 48, 42, 70, 10, 65, 93, 195, 165, 103, 76, 77, 14, 59, 113, 69, 56, 94, 64, 79, 448, 177, 15, 80, 72, 75, 82, 87, 78, 97, 74, 85, 129, 73, 84, 110, 105, 54, 100, 185, 302, 98, 95, 123, 34, 112, 106, 86, 83, 132, 99, 39, 135, 435, 144, 91, 101, 114, 96, 191, 111, 116, 226, 104, 108, 136, 247, 66, 498, 120, 115, 155, 67, 119, 148, 127, 109, 137, 121, 399, 159, 138, 117, 150, 107, 71, 146, 250, 392, 156, 128, 140, 327, 466, 126, 205, 355, 393, 218, 190, 134, 154, 345, 145, 443, 369, 212]",-82.5116
-9.575184,993,7400.313154,39.879,84.2623,977.6858,1.0,"[6, 1, 0, 3, 4, 2, 12, 22, 5, 9, 13, 11, 7, 10, 16, 17, 28, 14, 15, 38, 8, 23, 50, 37, 20, 21, 18, 24, 25, 32, 27, 35, 33, 36, 30, 19, 53, 41, 46, 56, 26, 58, 45, 59, 29, 43, 74, 61, 62, 47, 40, 60, 237, 90, 44, 42, 51, 31, 49, 55, 63, 48, 231, 81, 54, 69, 91, 70, 395, 85, 452, 76, 77, 64, 68, 65, 426, 66, 73, 177, 34, 95, 338, 105, 111, 83, 87, 80, 110, 57, 67, 39, 79, 94, 88, 71, 82, 92, 106, 118, 127, 89, 115, 100, 78, 116, 93, 109, 125, 98, 130, 117, 102, 104, 217, 72, 113, 107, 129, 124, 84, 133, 126, 101, 119, 132, 137, 131, 123, 139, 150, 121, 188, 108, 143, 248, 136, 152, 86, 191, 135, 144, 205, 393, 155, 256, 156, 207, 161, 148, 146, 140, 249, 218, 219, 141, 147, 475, 149, 160, 212, 154]",-84.2623
-9.434841,847,7496.92771,41.7578,82.9862,1169.9824,1.0,"[3, 29, 1, 2, 22, 12, 6, 4, 49, 25, 16, 9, 38, 8, 13, 7, 24, 28, 43, 11, 20, 54, 21, 17, 36, 41, 19, 70, 50, 27, 32, 23, 37, 42, 18, 33, 31, 34, 63, 46, 66, 26, 45, 172, 51, 0, 98, 30, 55, 57, 67, 35, 61, 39, 52, 56, 182, 47, 69, 40, 90, 87, 59, 173, 74, 62, 71, 72, 44, 68, 116, 75, 104, 64, 171, 81, 48, 85, 5, 91, 65, 53, 97, 73, 107, 101, 99, 88, 86, 58, 112, 122, 78, 89, 10, 79, 83, 84, 60, 94, 389, 106, 108, 115, 118, 96, 82, 14, 113, 111, 117, 134, 125, 100, 110, 93, 129, 92, 130, 313, 95, 120, 102, 105, 191, 119, 490, 384, 124, 114, 133, 136, 109, 303, 121, 197, 140, 138, 226, 137, 204, 174, 150, 208, 392, 355, 205, 345, 146, 159, 321, 156, 207, 467, 126, 157, 131, 153, 154, 158, 143, 443]",-82.9862
-9.630786,1084,7591.160084,43.5333,83.0146,1114.5209,1.0,"[12, 11, 1, 24, 28, 3, 16, 45, 18, 7, 0, 22, 4, 25, 6, 52, 41, 51, 36, 26, 9, 38, 23, 17, 55, 57, 5, 47, 29, 13, 40, 43, 2, 44, 94, 72, 37, 182, 8, 32, 48, 10, 35, 33, 70, 50, 14, 49, 15, 30, 42, 100, 65, 20, 54, 63, 46, 19, 88, 61, 21, 59, 56, 76, 130, 169, 69, 66, 89, 86, 87, 67, 64, 165, 68, 93, 81, 170, 31, 113, 96, 27, 74, 71, 34, 172, 39, 97, 53, 79, 73, 78, 91, 82, 110, 274, 84, 98, 106, 116, 83, 104, 101, 455, 102, 177, 75, 108, 103, 60, 85, 115, 120, 107, 111, 127, 117, 92, 126, 123, 114, 119, 112, 109, 247, 185, 188, 121, 144, 190, 128, 124, 99, 133, 150, 148, 139, 152, 140, 137, 141, 219, 369, 129, 191, 490, 393, 156, 212, 155, 158, 146, 136, 142, 492, 160, 149, 161, 145, 354, 147, 259]",-83.0146
-9.705926,914,7694.881552,41.8816,84.7529,1219.5376,1.0,"[0, 25, 11, 1, 5, 2, 12, 4, 10, 6, 8, 3, 18, 14, 9, 15, 54, 29, 30, 26, 46, 7, 28, 19, 66, 22, 13, 24, 17, 53, 69, 49, 43, 23, 55, 51, 32, 58, 38, 16, 70, 60, 31, 33, 45, 36, 47, 41, 63, 34, 90, 62, 64, 56, 52, 87, 50, 37, 74, 35, 67, 76, 20, 39, 103, 68, 21, 42, 75, 65, 77, 78, 177, 59, 106, 27, 98, 112, 85, 214, 84, 97, 57, 79, 73, 40, 105, 82, 44, 113, 172, 83, 88, 72, 95, 89, 71, 115, 48, 61, 101, 93, 111, 99, 236, 118, 117, 104, 107, 116, 130, 108, 134, 457, 383, 126, 124, 125, 142, 81, 229, 131, 129, 132, 86, 143, 127, 100, 140, 135, 133, 148, 301, 209, 136, 191, 109, 256, 145, 146, 96, 119, 212, 197, 156, 386, 110, 149, 475, 121, 123, 150, 248, 257, 217, 218, 251, 161, 226, 394, 443, 259]",-84.7529
-9.025419,992,7755.783552,38.927,77.933,1061.2591,1.0,"[3, 6, 12, 24, 13, 22, 37, 36, 28, 20, 45, 1, 2, 21, 38, 61, 30, 16, 52, 8, 4, 7, 11, 53, 27, 41, 25, 0, 68, 17, 42, 58, 195, 9, 19, 18, 51, 29, 23, 47, 46, 5, 56, 62, 31, 54, 32, 60, 70, 50, 74, 34, 26, 33, 49, 40, 43, 76, 35, 65, 39, 63, 69, 10, 73, 91, 57, 77, 55, 80, 59, 79, 14, 83, 103, 15, 376, 82, 44, 90, 110, 98, 87, 114, 177, 48, 97, 67, 213, 170, 64, 115, 117, 112, 92, 106, 226, 94, 104, 78, 88, 130, 107, 406, 84, 124, 100, 118, 196, 86, 75, 240, 232, 102, 89, 85, 140, 109, 93, 188, 388, 96, 111, 126, 125, 71, 383, 123, 209, 119, 250, 455, 245, 150, 474, 146, 152, 190, 385, 394, 99, 191, 156, 137, 466, 218, 321, 398, 346, 159, 129, 136, 205, 370, 490, 468, 207, 204, 138, 443, 355, 492]",-77.933
-10.214632,978,7802.168729,46.0899,86.53,1180.6968,1.0,"[2, 3, 6, 8, 25, 0, 7, 54, 11, 17, 5, 19, 22, 13, 36, 12, 10, 18, 16, 1, 66, 14, 15, 23, 24, 43, 31, 26, 38, 28, 55, 37, 67, 20, 4, 29, 30, 21, 41, 40, 50, 47, 9, 35, 34, 42, 63, 27, 71, 94, 46, 56, 39, 64, 44, 45, 59, 62, 70, 74, 61, 76, 51, 53, 52, 68, 32, 69, 77, 48, 78, 100, 33, 49, 57, 58, 65, 80, 88, 89, 116, 97, 81, 93, 73, 75, 84, 102, 90, 91, 85, 111, 83, 112, 95, 79, 104, 72, 92, 87, 258, 105, 98, 82, 146, 106, 103, 125, 113, 118, 110, 107, 109, 250, 101, 122, 123, 149, 86, 191, 188, 129, 108, 130, 132, 217, 99, 135, 119, 96, 398, 389, 226, 121, 126, 259, 144, 475, 190, 143, 385, 156, 115, 158, 128, 399, 117, 443, 150, 152, 219, 137, 393, 140, 209, 327, 142, 136, 346, 138, 459, 147]",-86.53
-9.69972,972,7845.348739,40.6202,82.2022,1151.3428,1.0,"[2, 1, 0, 12, 8, 4, 11, 7, 5, 9, 55, 43, 23, 16, 10, 17, 19, 28, 14, 29, 3, 35, 15, 18, 46, 30, 22, 53, 32, 6, 47, 33, 90, 26, 49, 69, 25, 36, 77, 68, 31, 38, 41, 24, 51, 42, 37, 40, 13, 58, 57, 60, 50, 56, 88, 76, 70, 95, 45, 89, 73, 34, 59, 72, 62, 63, 74, 20, 21, 39, 80, 61, 44, 83, 86, 98, 106, 27, 112, 231, 81, 91, 92, 97, 111, 196, 96, 109, 54, 101, 87, 75, 110, 125, 108, 85, 120, 48, 116, 105, 66, 130, 136, 65, 67, 122, 129, 94, 93, 114, 99, 127, 64, 103, 132, 104, 78, 135, 100, 71, 354, 133, 140, 79, 301, 115, 181, 84, 226, 118, 144, 82, 123, 253, 126, 385, 141, 457, 188, 153, 151, 147, 131, 458, 159, 156, 146, 155, 442, 143, 207, 119, 149, 255, 443, 399, 150, 251, 320, 128, 394, 468]",-82.2022
-9.319223,1103,7897.841507,38.5389,79.6917,903.6135,1.0,"[16, 1, 2, 25, 4, 41, 0, 8, 3, 9, 54, 29, 7, 5, 11, 12, 19, 22, 23, 50, 17, 49, 10, 66, 24, 51, 14, 32, 35, 42, 30, 15, 38, 31, 28, 55, 77, 34, 33, 57, 45, 40, 36, 47, 18, 6, 43, 52, 39, 88, 80, 67, 62, 56, 26, 94, 59, 46, 63, 65, 97, 69, 70, 53, 61, 44, 72, 71, 74, 76, 48, 90, 89, 64, 37, 79, 116, 86, 58, 105, 82, 68, 87, 78, 111, 60, 84, 13, 96, 112, 104, 75, 81, 91, 122, 85, 95, 73, 107, 120, 93, 100, 20, 115, 113, 103, 127, 117, 83, 119, 106, 21, 137, 118, 98, 124, 99, 121, 130, 128, 302, 27, 101, 191, 125, 134, 123, 126, 129, 197, 132, 140, 229, 108, 499, 161, 142, 144, 141, 368, 110, 207, 482, 148, 150, 146, 217, 434, 135, 149, 136, 251, 369, 219, 212, 156, 442, 138, 154, 157, 257, 160]",-79.6917
-9.576496,1048,7943.763673,39.3042,83.2584,1030.6511,1.0,"[1, 2, 12, 4, 36, 8, 3, 24, 28, 9, 17, 11, 45, 19, 53, 22, 7, 6, 18, 169, 35, 0, 30, 16, 5, 31, 38, 52, 13, 51, 26, 50, 32, 34, 33, 47, 42, 41, 10, 57, 23, 25, 55, 39, 20, 58, 21, 61, 56, 29, 65, 59, 60, 106, 43, 69, 74, 64, 94, 37, 46, 72, 14, 79, 15, 54, 63, 76, 27, 100, 49, 70, 78, 40, 68, 77, 241, 82, 84, 102, 81, 87, 88, 44, 97, 91, 303, 73, 89, 90, 75, 48, 86, 66, 103, 85, 122, 136, 105, 99, 435, 67, 95, 96, 93, 115, 80, 71, 196, 98, 179, 101, 110, 247, 118, 107, 120, 108, 119, 112, 223, 121, 117, 138, 188, 116, 156, 321, 388, 144, 133, 124, 217, 126, 218, 191, 147, 146, 457, 398, 92, 226, 204, 466, 129, 148, 491, 443, 131, 159, 150, 205, 152, 207, 109, 140, 259, 345, 346, 157, 369, 135]",-83.2584
-9.25023,1053,7993.070127,41.291,80.7595,1112.9588,1.0,"[1, 16, 3, 6, 4, 41, 12, 0, 22, 9, 13, 7, 11, 28, 2, 17, 23, 5, 167, 8, 25, 38, 42, 20, 43, 21, 32, 33, 35, 18, 50, 30, 40, 19, 27, 29, 47, 44, 26, 54, 87, 24, 168, 48, 53, 59, 46, 70, 80, 49, 58, 55, 56, 66, 60, 36, 51, 10, 74, 45, 67, 37, 61, 62, 31, 71, 97, 52, 76, 103, 14, 15, 77, 81, 34, 68, 98, 104, 112, 107, 64, 106, 91, 73, 110, 105, 90, 78, 94, 39, 88, 83, 65, 84, 89, 113, 116, 92, 114, 95, 129, 118, 130, 93, 115, 101, 57, 100, 134, 117, 119, 122, 226, 79, 121, 237, 72, 109, 108, 85, 136, 126, 124, 302, 132, 82, 131, 144, 146, 127, 148, 321, 123, 111, 135, 149, 138, 191, 156, 86, 143, 257, 219, 442, 125, 482, 150, 154, 249, 392, 398, 137, 140, 475, 425, 443, 141, 458, 393, 399, 145, 212]",-80.7595
-8.497927,1027,8043.026841,37.4687,74.5544,977.2088,1.0,"[55, 7, 6, 3, 23, 2, 37, 22, 0, 13, 1, 40, 11, 25, 5, 20, 21, 38, 4, 76, 12, 8, 10, 44, 18, 16, 30, 27, 9, 54, 42, 17, 14, 26, 15, 19, 28, 48, 24, 43, 75, 35, 50, 47, 73, 29, 51, 31, 32, 68, 62, 56, 59, 57, 87, 34, 36, 33, 70, 45, 39, 46, 83, 63, 64, 49, 77, 285, 53, 52, 92, 74, 69, 61, 66, 85, 90, 98, 65, 109, 103, 58, 72, 130, 67, 88, 81, 94, 79, 60, 99, 97, 86, 101, 292, 112, 95, 91, 82, 100, 156, 177, 78, 113, 71, 96, 93, 116, 105, 80, 102, 110, 119, 84, 158, 108, 106, 179, 111, 127, 126, 160, 118, 217, 107, 144, 146, 120, 123, 131, 320, 129, 125, 128, 140, 149, 132, 134, 191, 115, 133, 345, 136, 139, 154, 148, 137, 143, 117, 197, 346, 138, 150, 219, 492, 142, 392, 161, 207, 257, 124, 157]",-74.5544
-9.194783,773,8091.720592,40.6275,80.9975,1208.209,1.0,"[6, 12, 29, 1, 13, 28, 11, 3, 20, 21, 0, 30, 22, 4, 49, 16, 37, 27, 53, 9, 24, 25, 68, 18, 38, 2, 51, 26, 54, 36, 5, 43, 57, 50, 7, 58, 32, 10, 45, 41, 42, 33, 63, 66, 186, 47, 60, 8, 52, 14, 23, 61, 46, 17, 98, 55, 70, 65, 15, 171, 73, 64, 67, 62, 81, 77, 74, 19, 76, 71, 35, 83, 87, 69, 40, 78, 79, 84, 90, 72, 82, 75, 59, 97, 44, 214, 48, 31, 80, 86, 92, 94, 88, 106, 118, 109, 95, 34, 112, 122, 111, 39, 110, 89, 100, 116, 101, 129, 105, 113, 96, 102, 115, 127, 93, 85, 140, 120, 130, 117, 146, 136, 217, 125, 179, 108, 126, 144, 138, 149, 99, 124, 191, 137, 132, 250, 131, 150, 123, 139, 148, 181, 355, 152, 119, 143, 492, 209, 398, 156, 154, 204, 121, 134, 394, 458, 158, 321, 153, 219, 459, 160]",-80.9975
-10.050339,1270,8136.119895,42.8676,86.2689,1392.2801,1.0,"[16, 17, 11, 12, 35, 41, 55, 56, 50, 1, 18, 59, 2, 7, 4, 6, 37, 8, 26, 28, 9, 69, 25, 23, 88, 24, 51, 19, 94, 74, 76, 30, 13, 53, 0, 47, 32, 73, 58, 45, 36, 63, 100, 64, 57, 91, 60, 29, 70, 5, 54, 42, 43, 89, 83, 62, 3, 180, 20, 215, 21, 78, 106, 52, 22, 10, 77, 66, 49, 27, 14, 80, 115, 38, 46, 102, 111, 112, 72, 113, 179, 92, 84, 15, 67, 31, 107, 90, 61, 86, 40, 97, 87, 34, 125, 71, 95, 93, 117, 81, 65, 44, 177, 130, 103, 98, 96, 109, 133, 101, 129, 126, 48, 105, 327, 75, 185, 85, 123, 79, 188, 99, 110, 191, 136, 474, 132, 240, 127, 137, 135, 144, 217, 354, 108, 147, 119, 202, 131, 146, 148, 121, 155, 156, 219, 466, 205, 362, 139, 248, 150, 152, 158, 143, 154, 140, 204, 443, 141, 207, 157, 346]",-86.2689
-9.474537,804,8180.337018,44.5078,83.9978,1321.7926,1.0,"[3, 2, 17, 42, 8, 56, 11, 35, 12, 16, 18, 19, 22, 7, 0, 26, 28, 1, 6, 23, 31, 25, 24, 34, 38, 39, 40, 5, 4, 30, 29, 37, 46, 9, 74, 41, 13, 63, 36, 44, 53, 48, 47, 55, 59, 49, 45, 91, 70, 62, 58, 43, 50, 32, 10, 60, 61, 33, 90, 51, 76, 14, 20, 77, 57, 21, 15, 237, 52, 69, 81, 73, 54, 88, 27, 95, 85, 83, 65, 87, 68, 177, 72, 64, 172, 130, 233, 66, 79, 86, 94, 82, 97, 99, 78, 111, 93, 125, 103, 100, 92, 96, 104, 106, 67, 102, 84, 105, 119, 121, 98, 113, 133, 181, 126, 127, 112, 101, 120, 156, 110, 118, 378, 131, 136, 188, 109, 115, 140, 123, 116, 253, 158, 108, 124, 137, 150, 217, 138, 209, 139, 129, 151, 152, 212, 370, 160, 146, 490, 144, 321, 155, 148, 135, 458, 393, 147, 159, 207, 466, 399, 154]",-83.9978
-9.366006,1062,8229.172425,41.5305,81.202,1129.9797,1.0,"[2, 3, 11, 1, 8, 0, 12, 4, 18, 6, 7, 19, 9, 26, 22, 36, 17, 13, 5, 16, 37, 31, 34, 23, 28, 29, 25, 38, 39, 10, 42, 30, 14, 35, 32, 41, 62, 51, 55, 33, 43, 64, 57, 68, 49, 24, 47, 15, 59, 50, 77, 54, 94, 69, 63, 40, 225, 72, 76, 56, 44, 66, 84, 45, 48, 61, 20, 46, 70, 88, 21, 67, 100, 74, 97, 86, 87, 89, 52, 27, 71, 53, 81, 90, 73, 93, 102, 98, 95, 80, 103, 91, 96, 223, 101, 232, 106, 112, 58, 105, 111, 120, 113, 116, 110, 60, 92, 75, 118, 109, 115, 85, 65, 117, 129, 123, 132, 99, 122, 119, 124, 174, 79, 320, 130, 104, 82, 136, 388, 321, 282, 114, 383, 126, 140, 247, 134, 146, 131, 141, 139, 385, 150, 133, 346, 138, 466, 137, 191, 143, 156, 355, 392, 197, 158, 468, 159, 394, 142, 160, 459, 204]",-81.202
-9.171765,953,8274.950263,40.7541,79.4071,1089.4,1.0,"[11, 3, 2, 7, 18, 22, 16, 1, 23, 26, 24, 43, 38, 41, 8, 0, 77, 4, 42, 56, 40, 9, 5, 6, 45, 25, 74, 36, 37, 19, 44, 64, 80, 29, 47, 61, 46, 51, 48, 32, 13, 78, 62, 30, 57, 10, 52, 195, 84, 222, 167, 168, 130, 76, 179, 12, 31, 14, 65, 15, 49, 50, 70, 33, 34, 20, 91, 97, 21, 55, 66, 17, 87, 88, 267, 39, 105, 67, 89, 98, 35, 72, 71, 53, 73, 90, 79, 59, 58, 86, 93, 101, 68, 27, 103, 107, 75, 83, 170, 106, 119, 94, 60, 96, 108, 110, 92, 134, 118, 113, 114, 82, 111, 85, 116, 115, 109, 100, 122, 156, 125, 117, 133, 112, 136, 137, 191, 120, 226, 245, 129, 127, 302, 248, 197, 144, 255, 158, 126, 385, 399, 99, 256, 146, 123, 150, 132, 219, 458, 443, 492, 140, 152, 149, 190, 355, 393, 370, 345, 459, 259, 212]",-79.4071
-9.587162,892,8319.051595,42.8527,83.3142,1101.5646,1.0,"[29, 25, 6, 1, 49, 11, 3, 13, 2, 37, 22, 18, 20, 21, 4, 0, 7, 24, 26, 12, 73, 38, 9, 27, 8, 54, 16, 30, 5, 36, 17, 23, 42, 43, 10, 19, 28, 62, 56, 14, 15, 45, 32, 83, 46, 51, 41, 33, 70, 64, 55, 74, 35, 47, 76, 66, 53, 78, 63, 61, 52, 234, 69, 68, 59, 58, 50, 65, 84, 92, 40, 57, 80, 60, 77, 88, 112, 91, 90, 81, 44, 31, 79, 87, 71, 113, 95, 34, 177, 89, 72, 179, 103, 115, 109, 111, 97, 39, 107, 117, 118, 94, 48, 110, 106, 127, 119, 114, 93, 121, 361, 116, 100, 98, 124, 86, 101, 125, 75, 85, 226, 96, 105, 128, 407, 130, 144, 148, 426, 126, 301, 474, 136, 151, 131, 129, 219, 138, 134, 140, 197, 137, 132, 133, 143, 355, 141, 150, 458, 146, 135, 123, 161, 156, 251, 149, 346, 393, 459, 154, 218, 443]",-83.3142
